nohup: ignoring input
Loaded 50 warehouses from database
Registering API routes...
API routes registered successfully
12:44:58 PM [express] serving on port 5000
Test user created at startup: testuser/password123 (hashed)
Created sample commodities for test user
Created 3 sample warehouses
Session ID: ALHeoRm74q-hXdNjfqkOyPMsHH4_yOPu, Session data: Session {
  cookie: {
    path: '/',
    _expires: 2025-10-31T16:45:06.963Z,
    originalMaxAge: 86400000,
    httpOnly: true,
    secure: false,
    sameSite: 'lax'
  }
}
12:45:07 PM [express] GET /api/auth/session 401 in 3ms :: {"success":false,"message":"Not authenticat…
Session ID: ALHeoRm74q-hXdNjfqkOyPMsHH4_yOPu, Session data: Session {
  cookie: {
    path: '/',
    _expires: 2025-10-31T16:45:07.131Z,
    originalMaxAge: 86400000,
    httpOnly: true,
    secure: false,
    sameSite: 'lax'
  }
}
GET /api/warehouses called
Found 3 warehouses
12:45:07 PM [express] GET /api/warehouses 200 in 1ms :: [{"name":"Delhi Central Warehouse","address":…
Session ID: YeIz0K-2J_xUpb-TK-ykqcgqNcxwe1x0, Session data: Session {
  cookie: {
    path: '/',
    _expires: 2025-10-31T16:46:32.293Z,
    originalMaxAge: 86400000,
    httpOnly: true,
    secure: false,
    sameSite: 'lax'
  }
}
12:46:36 PM [express] GET /api/auth/session 401 in 1ms :: {"success":false,"message":"Not authenticat…
Session ID: NXFfRZ6BXn0nJ78wVnS9q3qHaxvKHPrp, Session data: Session {
  cookie: {
    path: '/',
    _expires: 2025-10-31T16:47:27.068Z,
    originalMaxAge: 86400000,
    httpOnly: true,
    secure: false,
    sameSite: 'lax'
  }
}
12:47:28 PM [express] GET /api/auth/session 401 in 1ms :: {"success":false,"message":"Not authenticat…
Session ID: NXFfRZ6BXn0nJ78wVnS9q3qHaxvKHPrp, Session data: Session {
  cookie: {
    path: '/',
    _expires: 2025-10-31T16:47:30.027Z,
    originalMaxAge: 86400000,
    httpOnly: true,
    secure: false,
    sameSite: 'lax'
  }
}
12:47:36 PM [express] POST /api/auth/login 200 in 243ms :: {"success":true,"message":"Login successfu…
Session ID: NXFfRZ6BXn0nJ78wVnS9q3qHaxvKHPrp, Session data: Session {
  cookie: {
    path: '/',
    _expires: 2025-10-31T16:47:36.040Z,
    originalMaxAge: 86400000,
    httpOnly: true,
    secure: false,
    sameSite: 'lax'
  },
  userId: 1
}
12:47:36 PM [express] GET /api/credit-line/details 304 in 3ms :: {"success":true,"data":{"totalLimit"…
Session ID: NXFfRZ6BXn0nJ78wVnS9q3qHaxvKHPrp, Session data: Session {
  cookie: {
    path: '/',
    _expires: 2025-10-31T16:47:36.157Z,
    originalMaxAge: 86400000,
    httpOnly: true,
    secure: false,
    sameSite: 'lax'
  },
  userId: 1
}
12:47:36 PM [express] GET /api/portfolio 304 in 1ms :: {"success":true,"data":{"totalValue":0,"receip…
Session ID: NXFfRZ6BXn0nJ78wVnS9q3qHaxvKHPrp, Session data: Session {
  cookie: {
    path: '/',
    _expires: 2025-10-31T16:47:37.142Z,
    originalMaxAge: 86400000,
    httpOnly: true,
    secure: false,
    sameSite: 'lax'
  },
  userId: 1
}
GET /api/warehouses called
Found 3 warehouses
12:47:38 PM [express] GET /api/warehouses 200 in 2ms :: [{"name":"Delhi Central Warehouse","address":…
Session ID: NXFfRZ6BXn0nJ78wVnS9q3qHaxvKHPrp, Session data: Session {
  cookie: {
    path: '/',
    _expires: 2025-10-31T16:48:13.947Z,
    originalMaxAge: 86400000,
    httpOnly: true,
    secure: false,
    sameSite: 'lax'
  },
  userId: 1
}
Creating new deposit process: {
  type: 'deposit',
  commodityName: 'Wheat (गेहूं)',
  commodityType: 'Grains',
  quantity: 100,
  warehouseId: 3,
  deliveryMethod: 'managed_pickup',
  scheduledDate: '2025-10-31',
  scheduledTime: '00:00',
  pickupAddress: 'Rohit Kunj, Saraswati Vihar Tehsil, North West Delhi, Delhi, 110034, India',
  estimatedValue: 5000,
  qualityParameters: { moisture: '', foreignMatter: '', brokenGrains: '' },
  notes: ''
}
Created process: 1
MOCK: Sending inward goods request to WMS: {
  processId: 1,
  commodityName: 'Wheat (गेहूं)',
  quantity: 100,
  warehouseId: 3,
  userId: 1
}
WMS response: { inventoryId: 'INV-1761842895759', status: 'inward_request_received' }
MOCK: Requesting quality assessment from QA Tool: {
  processId: 1,
  commodityName: 'Wheat (गेहूं)',
  quantity: 100,
  warehouseId: 3,
  userId: 1
}
QA response: { assessmentId: 'QA-1761842895759', status: 'request_sent' }
12:48:15 PM [express] POST /api/processes 201 in 2ms :: {"processType":"deposit","userId":1,"commodit…
Session ID: NXFfRZ6BXn0nJ78wVnS9q3qHaxvKHPrp, Session data: Session {
  cookie: {
    path: '/',
    _expires: 2025-10-31T16:48:15.759Z,
    originalMaxAge: 86400000,
    httpOnly: true,
    secure: false,
    sameSite: 'lax'
  },
  userId: 1
}
12:48:15 PM [express] POST /api/deposits/1/start-tracking 200 in 1ms :: {"success":true,"data":{"proc…
Session ID: NXFfRZ6BXn0nJ78wVnS9q3qHaxvKHPrp, Session data: Session {
  cookie: {
    path: '/',
    _expires: 2025-10-31T16:48:15.845Z,
    originalMaxAge: 86400000,
    httpOnly: true,
    secure: false,
    sameSite: 'lax'
  },
  userId: 1
}
12:48:15 PM [express] GET /api/processes/1 200 in 2ms :: {"processType":"deposit","userId":1,"commodi…
Session ID: NXFfRZ6BXn0nJ78wVnS9q3qHaxvKHPrp, Session data: Session {
  cookie: {
    path: '/',
    _expires: 2025-10-31T16:48:15.931Z,
    originalMaxAge: 86400000,
    httpOnly: true,
    secure: false,
    sameSite: 'lax'
  },
  userId: 1
}
12:48:16 PM [express] GET /api/commodities/2 200 in 2ms :: {"name":"Wheat (गेहूं)","type":"Grains","q…
Session ID: NXFfRZ6BXn0nJ78wVnS9q3qHaxvKHPrp, Session data: Session {
  cookie: {
    path: '/',
    _expires: 2025-10-31T16:48:16.022Z,
    originalMaxAge: 86400000,
    httpOnly: true,
    secure: false,
    sameSite: 'lax'
  },
  userId: 1
}
12:48:16 PM [express] GET /api/warehouses/3 200 in 1ms :: {"name":"Kolkata Bulk Storage","address":"R…
Session ID: NXFfRZ6BXn0nJ78wVnS9q3qHaxvKHPrp, Session data: Session {
  cookie: {
    path: '/',
    _expires: 2025-10-31T16:48:16.024Z,
    originalMaxAge: 86400000,
    httpOnly: true,
    secure: false,
    sameSite: 'lax'
  },
  userId: 1
}
SSE: Client 6qdvv9 connected for user 1
MOCK: Scheduling pickup via Logistics module: {
  processId: 1,
  origin: 'Rohit Kunj, Saraswati Vihar Tehsil, North West Delhi, Delhi, 110034, India',
  destination: 'Riverside Area, Kolkata, undefined',
  cargoType: 'Wheat (गेहूं)',
  quantity: '100',
  userId: undefined
}
Logistics response: { trackingNumber: 'TRK-1761842900761', status: 'scheduled' }
SSE: Broadcasting process update to user 1
SSE: No clients connected for user 1
Process 1 progressed to in_transit
SSE: Broadcasting process update to user 1
SSE: No clients connected for user 1
Process 1 progressed to arrived_warehouse
Session ID: NXFfRZ6BXn0nJ78wVnS9q3qHaxvKHPrp, Session data: Session {
  cookie: {
    path: '/',
    _expires: 2025-10-31T16:48:28.873Z,
    originalMaxAge: 86400000,
    httpOnly: true,
    secure: false,
    sameSite: 'lax'
  },
  userId: 1
}
Completed bypass assessment for process 1
12:48:29 PM [express] POST /api/bypass/complete-assessment/1 200 in 1ms :: {"processId":1,"status":"c…
Session ID: NXFfRZ6BXn0nJ78wVnS9q3qHaxvKHPrp, Session data: Session {
  cookie: {
    path: '/',
    _expires: 2025-10-31T16:48:29.334Z,
    originalMaxAge: 86400000,
    httpOnly: true,
    secure: false,
    sameSite: 'lax'
  },
  userId: 1
}
12:48:29 PM [express] GET /api/processes/1 200 in 1ms :: {"processType":"deposit","userId":1,"commodi…
SSE: Client 6qdvv9 disconnected
SSE: Client 6qdvv9 disconnected
SSE: Client 6qdvv9 disconnected
Session ID: NXFfRZ6BXn0nJ78wVnS9q3qHaxvKHPrp, Session data: Session {
  cookie: {
    path: '/',
    _expires: 2025-10-31T16:48:29.476Z,
    originalMaxAge: 86400000,
    httpOnly: true,
    secure: false,
    sameSite: 'lax'
  },
  userId: 1
}
SSE: Client pbcq1 connected for user 1
Session ID: NXFfRZ6BXn0nJ78wVnS9q3qHaxvKHPrp, Session data: Session {
  cookie: {
    path: '/',
    _expires: 2025-10-31T16:48:36.151Z,
    originalMaxAge: 86400000,
    httpOnly: true,
    secure: false,
    sameSite: 'lax'
  },
  userId: 1
}
12:48:36 PM [express] GET /api/processes/1 304 in 2ms :: {"processType":"deposit","userId":1,"commodi…
Session ID: NXFfRZ6BXn0nJ78wVnS9q3qHaxvKHPrp, Session data: Session {
  cookie: {
    path: '/',
    _expires: 2025-10-31T16:49:03.842Z,
    originalMaxAge: 86400000,
    httpOnly: true,
    secure: false,
    sameSite: 'lax'
  },
  userId: 1
}
12:49:06 PM [express] GET /api/processes/1 304 in 1ms :: {"processType":"deposit","userId":1,"commodi…
Session ID: NXFfRZ6BXn0nJ78wVnS9q3qHaxvKHPrp, Session data: Session {
  cookie: {
    path: '/',
    _expires: 2025-10-31T16:49:18.852Z,
    originalMaxAge: 86400000,
    httpOnly: true,
    secure: false,
    sameSite: 'lax'
  },
  userId: 1
}
Creating warehouse receipt: {
  receiptNumber: 'WR963428-1',
  quantity: '100',
  commodityId: 2,
  warehouseId: 3,
  status: 'active',
  blockchainHash: '19a360623e45bd5d7338ce9f8',
  expiryDate: '2026-04-30T16:49:23.428Z',
  valuation: '0',
  liens: {
    verificationCode: 'WR-1-19A360623E4-52D5',
    processId: 1,
    commodityName: 'Wheat (गेहूं)',
    qualityGrade: 'Grade A',
    qualityParameters: { moisture: '0.0%', foreignMatter: '0.0%', brokenGrains: '0.0%' }
  }
}
Warehouse receipt created: 1
12:49:23 PM [express] POST /api/receipts 201 in 2ms :: {"receiptNumber":"WR1761842963712-1","commodit…
Session ID: NXFfRZ6BXn0nJ78wVnS9q3qHaxvKHPrp, Session data: Session {
  cookie: {
    path: '/',
    _expires: 2025-10-31T16:49:23.712Z,
    originalMaxAge: 86400000,
    httpOnly: true,
    secure: false,
    sameSite: 'lax'
  },
  userId: 1
}
Updating process: 1 {
  status: 'completed',
  currentStage: 'ewr_generation',
  stageProgress: {
    arrived_at_warehouse: 'completed',
    pre_cleaning: 'completed',
    quality_assessment: 'completed',
    packaging: 'completed',
    ewr_generation: 'completed'
  },
  completedTime: '2025-10-30T16:49:23.526Z',
  updateType: 'receipt'
}
12:49:23 PM [express] PATCH /api/processes/1 200 in 1ms :: {"processType":"deposit","userId":1,"commo…
Session ID: NXFfRZ6BXn0nJ78wVnS9q3qHaxvKHPrp, Session data: Session {
  cookie: {
    path: '/',
    _expires: 2025-10-31T16:49:23.800Z,
    originalMaxAge: 86400000,
    httpOnly: true,
    secure: false,
    sameSite: 'lax'
  },
  userId: 1
}
12:49:23 PM [express] GET /api/processes/1 200 in 1ms :: {"processType":"deposit","userId":1,"commodi…
SSE: Client pbcq1 disconnected
SSE: Client pbcq1 disconnected
SSE: Client pbcq1 disconnected
Session ID: NXFfRZ6BXn0nJ78wVnS9q3qHaxvKHPrp, Session data: Session {
  cookie: {
    path: '/',
    _expires: 2025-10-31T16:49:23.885Z,
    originalMaxAge: 86400000,
    httpOnly: true,
    secure: false,
    sameSite: 'lax'
  },
  userId: 1
}
SSE: Client 52oh7 connected for user 1
SSE: Client 52oh7 disconnected
SSE: Client 52oh7 disconnected
SSE: Client 52oh7 disconnected
Session ID: NXFfRZ6BXn0nJ78wVnS9q3qHaxvKHPrp, Session data: Session {
  cookie: {
    path: '/',
    _expires: 2025-10-31T16:49:29.115Z,
    originalMaxAge: 86400000,
    httpOnly: true,
    secure: false,
    sameSite: 'lax'
  },
  userId: 1
}
12:49:29 PM [express] GET /api/receipts 200 in 2ms :: [{"receiptNumber":"WR1761842963712-1","commodit…
Session ID: NXFfRZ6BXn0nJ78wVnS9q3qHaxvKHPrp, Session data: Session {
  cookie: {
    path: '/',
    _expires: 2025-10-31T16:49:29.287Z,
    originalMaxAge: 86400000,
    httpOnly: true,
    secure: false,
    sameSite: 'lax'
  },
  userId: 1
}
12:49:29 PM [express] GET /api/auth/session 304 in 0ms :: {"success":true,"data":{"user":{"id":1,"ful…
Session ID: NXFfRZ6BXn0nJ78wVnS9q3qHaxvKHPrp, Session data: Session {
  cookie: {
    path: '/',
    _expires: 2025-10-31T16:49:33.130Z,
    originalMaxAge: 86400000,
    httpOnly: true,
    secure: false,
    sameSite: 'lax'
  },
  userId: 1
}
12:49:36 PM [express] GET /api/commodities/2 200 in 1ms :: {"name":"Wheat (गेहूं)","type":"Grains","q…
Session ID: NXFfRZ6BXn0nJ78wVnS9q3qHaxvKHPrp, Session data: Session {
  cookie: {
    path: '/',
    _expires: 2025-10-31T16:49:36.863Z,
    originalMaxAge: 86400000,
    httpOnly: true,
    secure: false,
    sameSite: 'lax'
  },
  userId: 1
}
12:49:36 PM [express] GET /api/warehouses/3 304 in 2ms :: {"name":"Kolkata Bulk Storage","address":"R…
🧹 Rate limiter cleanup: removed 0 expired entries
🧹 Rate limiter cleanup: removed 0 expired entries
🧹 Rate limiter cleanup: removed 0 expired entries
🧹 Rate limiter cleanup: removed 0 expired entries
🧹 Rate limiter cleanup: removed 0 expired entries
🧹 Rate limiter cleanup: removed 0 expired entries
🧹 Rate limiter cleanup: removed 0 expired entries
🧹 Rate limiter cleanup: removed 0 expired entries
🧹 Rate limiter cleanup: removed 0 expired entries
Session ID: NXFfRZ6BXn0nJ78wVnS9q3qHaxvKHPrp, Session data: Session {
  cookie: {
    path: '/',
    _expires: 2025-10-31T17:00:48.413Z,
    originalMaxAge: 86400000,
    httpOnly: true,
    secure: false,
    sameSite: 'lax'
  },
  userId: 1
}
1:00:50 PM [express] GET /api/receipts 304 in 1ms :: [{"receiptNumber":"WR1761842963712-1","commodit…
Session ID: NXFfRZ6BXn0nJ78wVnS9q3qHaxvKHPrp, Session data: Session {
  cookie: {
    path: '/',
    _expires: 2025-10-31T17:00:50.532Z,
    originalMaxAge: 86400000,
    httpOnly: true,
    secure: false,
    sameSite: 'lax'
  },
  userId: 1
}
1:00:50 PM [express] GET /api/auth/session 304 in 0ms :: {"success":true,"data":{"user":{"id":1,"ful…
🧹 Rate limiter cleanup: removed 0 expired entries
🧹 Rate limiter cleanup: removed 0 expired entries
🧹 Rate limiter cleanup: removed 0 expired entries
🧹 Rate limiter cleanup: removed 0 expired entries
🧹 Rate limiter cleanup: removed 0 expired entries
🧹 Rate limiter cleanup: removed 0 expired entries
Session ID: NXFfRZ6BXn0nJ78wVnS9q3qHaxvKHPrp, Session data: Session {
  cookie: {
    path: '/',
    _expires: 2025-10-31T17:15:37.369Z,
    originalMaxAge: 86400000,
    httpOnly: true,
    secure: false,
    sameSite: 'lax'
  },
  userId: 1
}
1:15:38 PM [express] GET /api/portfolio 200 in 1ms :: {"success":true,"data":{"totalValue":5000000,"…
Session ID: NXFfRZ6BXn0nJ78wVnS9q3qHaxvKHPrp, Session data: Session {
  cookie: {
    path: '/',
    _expires: 2025-10-31T17:15:38.265Z,
    originalMaxAge: 86400000,
    httpOnly: true,
    secure: false,
    sameSite: 'lax'
  },
  userId: 1
}
1:15:38 PM [express] GET /api/credit-line/details 200 in 1ms :: {"success":true,"data":{"totalLimit"…
Session ID: NXFfRZ6BXn0nJ78wVnS9q3qHaxvKHPrp, Session data: Session {
  cookie: {
    path: '/',
    _expires: 2025-10-31T17:15:38.267Z,
    originalMaxAge: 86400000,
    httpOnly: true,
    secure: false,
    sameSite: 'lax'
  },
  userId: 1
}
1:15:38 PM [express] GET /api/auth/session 304 in 1ms :: {"success":true,"data":{"user":{"id":1,"ful…
🧹 Rate limiter cleanup: removed 0 expired entries
🧹 Rate limiter cleanup: removed 0 expired entries
🧹 Rate limiter cleanup: removed 0 expired entries
Session ID: n4ZWZavQYGv5Bo7u2K8vFqEBwQxVUchD, Session data: Session {
  cookie: {
    path: '/',
    _expires: 2025-10-31T17:20:11.665Z,
    originalMaxAge: 86400000,
    httpOnly: true,
    secure: false,
    sameSite: 'lax'
  }
}
1:20:11 PM [express] GET /api/test 200 in 1ms :: {"message":"API is working","timestamp":"2025-10-30…
Session ID: oQOZNMPUrT5DrHCPBOJT-B_0xEO_zwM4, Session data: Session {
  cookie: {
    path: '/',
    _expires: 2025-10-31T17:20:20.446Z,
    originalMaxAge: 86400000,
    httpOnly: true,
    secure: false,
    sameSite: 'lax'
  }
}
1:20:20 PM [express] GET /api/revolving-credit/account 404 in 1ms :: {"message":"API endpoint not fo…
🧹 Rate limiter cleanup: removed 0 expired entries
🧹 Rate limiter cleanup: removed 0 expired entries
🧹 Rate limiter cleanup: removed 0 expired entries
Session ID: 91hTzpJ2SulHqBUnc-wrkvBVesKLAq6V, Session data: Session {
  cookie: {
    path: '/',
    _expires: 2025-10-31T17:23:35.461Z,
    originalMaxAge: 86400000,
    httpOnly: true,
    secure: false,
    sameSite: 'lax'
  }
}
1:23:35 PM [express] GET /api/auth/session 401 in 1ms :: {"success":false,"message":"Not authenticat…
Session ID: _L72y_JzkOQgUGsRFB0ebOBRoHyAIkWu, Session data: Session {
  cookie: {
    path: '/',
    _expires: 2025-10-31T17:24:30.010Z,
    originalMaxAge: 86400000,
    httpOnly: true,
    secure: false,
    sameSite: 'lax'
  }
}
1:24:30 PM [express] POST /api/auth/login 200 in 242ms :: {"success":true,"message":"Login successfu…
Session ID: _L72y_JzkOQgUGsRFB0ebOBRoHyAIkWu, Session data: Session {
  cookie: {
    path: '/',
    _expires: 2025-10-31T17:24:30.010Z,
    originalMaxAge: 86400000,
    httpOnly: true,
    secure: false,
    sameSite: 'lax'
  },
  userId: 1
}
1:24:30 PM [express] GET /api/portfolio 200 in 1ms :: {"success":true,"data":{"totalValue":5000000,"…
Session ID: _L72y_JzkOQgUGsRFB0ebOBRoHyAIkWu, Session data: Session {
  cookie: {
    path: '/',
    _expires: 2025-10-31T17:24:30.284Z,
    originalMaxAge: 86400000,
    httpOnly: true,
    secure: false,
    sameSite: 'lax'
  },
  userId: 1
}
1:24:30 PM [express] GET /api/credit-line/details 200 in 0ms :: {"success":true,"data":{"totalLimit"…
Session ID: eFKKUR5bdv0EdTpQgFMXFAxPrnFw-qRH, Session data: Session {
  cookie: {
    path: '/',
    _expires: 2025-10-31T17:25:41.927Z,
    originalMaxAge: 86400000,
    httpOnly: true,
    secure: false,
    sameSite: 'lax'
  }
}
1:25:41 PM [express] GET /api/revolving-credit/account 404 in 1ms :: {"message":"API endpoint not fo…
🧹 Rate limiter cleanup: removed 0 expired entries
🧹 Rate limiter cleanup: removed 0 expired entries
🧹 Rate limiter cleanup: removed 0 expired entries
Session ID: Zb_37VQnsuVoOkqhgxHOHSaQKMJhhpW4, Session data: Session {
  cookie: {
    path: '/',
    _expires: 2025-10-31T17:28:25.458Z,
    originalMaxAge: 86400000,
    httpOnly: true,
    secure: false,
    sameSite: 'lax'
  }
}
1:28:25 PM [express] GET /api/revolving-credit/account 404 in 1ms :: {"message":"API endpoint not fo…
Session ID: LSrkM4AG2XMAehoQ_yZ6ACsw0I5pGKXa, Session data: Session {
  cookie: {
    path: '/',
    _expires: 2025-10-31T17:28:25.482Z,
    originalMaxAge: 86400000,
    httpOnly: true,
    secure: false,
    sameSite: 'lax'
  }
}
1:28:25 PM [express] GET /api/revolving-credit/eligible-receipts 404 in 0ms :: {"message":"API endpo…
Session ID: HSKM-CMYvLp4j2vm5hMHg4J9M70whpiI, Session data: Session {
  cookie: {
    path: '/',
    _expires: 2025-10-31T17:29:45.716Z,
    originalMaxAge: 86400000,
    httpOnly: true,
    secure: false,
    sameSite: 'lax'
  }
}
1:29:45 PM [express] GET /api/revolving-credit/eligible-receipts 404 in 1ms :: {"message":"API endpo…
Session ID: l54ALh0tirSteA_QSQZ2tnazN5A3bfK1, Session data: Session {
  cookie: {
    path: '/',
    _expires: 2025-10-31T17:30:43.388Z,
    originalMaxAge: 86400000,
    httpOnly: true,
    secure: false,
    sameSite: 'lax'
  }
}
1:30:43 PM [express] POST /api/auth/login 200 in 241ms :: {"success":true,"message":"Login successfu…
Session ID: YbJWDTQtStAUQ_TJLBsWuviWix9TrTuY, Session data: Session {
  cookie: {
    path: '/',
    _expires: 2025-10-31T17:31:11.157Z,
    originalMaxAge: 86400000,
    httpOnly: true,
    secure: false,
    sameSite: 'lax'
  }
}
1:31:11 PM [express] GET /api/revolving-credit/eligible-receipts 404 in 0ms :: {"message":"API endpo…
🧹 Rate limiter cleanup: removed 0 expired entries
🧹 Rate limiter cleanup: removed 0 expired entries
🧹 Rate limiter cleanup: removed 0 expired entries
Session ID: CP-r6FxgrX3CXDA6frutBUWKgMqsSQXe, Session data: Session {
  cookie: {
    path: '/',
    _expires: 2025-10-31T17:33:35.838Z,
    originalMaxAge: 86400000,
    httpOnly: true,
    secure: false,
    sameSite: 'lax'
  }
}
1:33:36 PM [express] POST /api/auth/login 200 in 241ms :: {"success":true,"message":"Login successfu…
Session ID: df44qv4-HZZMo2uxfxXL8it9NznHsXlr, Session data: Session {
  cookie: {
    path: '/',
    _expires: 2025-10-31T17:34:28.471Z,
    originalMaxAge: 86400000,
    httpOnly: true,
    secure: false,
    sameSite: 'lax'
  }
}
1:34:28 PM [express] GET /api/auth/session 401 in 1ms :: {"success":false,"message":"Not authenticat…
🧹 Rate limiter cleanup: removed 0 expired entries
🧹 Rate limiter cleanup: removed 0 expired entries
🧹 Rate limiter cleanup: removed 0 expired entries
Session ID: sB-RtOvKampMU7HYaRuJMROsPag-WGWW, Session data: Session {
  cookie: {
    path: '/',
    _expires: 2025-10-31T17:42:14.991Z,
    originalMaxAge: 86400000,
    httpOnly: true,
    secure: false,
    sameSite: 'lax'
  }
}
1:42:14 PM [express] GET /api/portfolio 401 in 1ms :: {"message":"Not authenticated"}
🧹 Rate limiter cleanup: removed 0 expired entries
🧹 Rate limiter cleanup: removed 0 expired entries
🧹 Rate limiter cleanup: removed 0 expired entries
Session ID: 6N4YtKQYvsbH4huvzX7-Vi4A7kGPReHn, Session data: Session {
  cookie: {
    path: '/',
    _expires: 2025-10-31T17:43:28.281Z,
    originalMaxAge: 86400000,
    httpOnly: true,
    secure: false,
    sameSite: 'lax'
  }
}
1:43:28 PM [express] GET /api/portfolio 401 in 0ms :: {"message":"Not authenticated"}
Session ID: 6ahQn5as3utNwp9rWebbfO3EA0u6WHqW, Session data: Session {
  cookie: {
    path: '/',
    _expires: 2025-10-31T17:44:09.395Z,
    originalMaxAge: 86400000,
    httpOnly: true,
    secure: false,
    sameSite: 'lax'
  }
}
1:44:09 PM [express] GET /api/portfolio 401 in 1ms :: {"message":"Not authenticated"}
🧹 Performed periodic cleanup of monitoring data
Session ID: f3pUvK_pabPMTz7rrLh-v-PRb_BmHQDa, Session data: Session {
  cookie: {
    path: '/',
    _expires: 2025-10-31T17:45:17.524Z,
    originalMaxAge: 86400000,
    httpOnly: true,
    secure: false,
    sameSite: 'lax'
  }
}
1:45:17 PM [express] GET /api/portfolio 401 in 0ms :: {"message":"Not authenticated"}
Session ID: wYGQaBi7_UQSLdDgJXP5fbvrNNIMlw1_, Session data: Session {
  cookie: {
    path: '/',
    _expires: 2025-10-31T17:46:00.659Z,
    originalMaxAge: 86400000,
    httpOnly: true,
    secure: false,
    sameSite: 'lax'
  }
}
1:46:00 PM [express] GET /api/portfolio 401 in 1ms :: {"message":"Not authenticated"}
Session ID: R4dfxOMK0Zb9MVl-SpAmm9IumW5Jhzbr, Session data: Session {
  cookie: {
    path: '/',
    _expires: 2025-10-31T17:46:31.701Z,
    originalMaxAge: 86400000,
    httpOnly: true,
    secure: false,
    sameSite: 'lax'
  }
}
1:46:31 PM [express] GET /api/portfolio 401 in 0ms :: {"message":"Not authenticated"}
🧹 Rate limiter cleanup: removed 0 expired entries
🧹 Rate limiter cleanup: removed 0 expired entries
🧹 Rate limiter cleanup: removed 0 expired entries
Session ID: tZGrcG7sUlGbWvVr3G265s2xMrwVD2cl, Session data: Session {
  cookie: {
    path: '/',
    _expires: 2025-10-31T17:49:43.819Z,
    originalMaxAge: 86400000,
    httpOnly: true,
    secure: false,
    sameSite: 'lax'
  }
}
1:49:43 PM [express] GET /api/portfolio 401 in 1ms :: {"message":"Not authenticated"}
Session ID: tZGrcG7sUlGbWvVr3G265s2xMrwVD2cl, Session data: Session {
  cookie: {
    path: '/',
    _expires: 2025-10-31T17:49:46.035Z,
    originalMaxAge: 86400000,
    httpOnly: true,
    secure: false,
    sameSite: 'lax'
  }
}
1:49:52 PM [express] GET /api/credit-line/details 401 in 1ms :: {"message":"Not authenticated"}
Session ID: -19NUwbJ-is9TSR9l4qqV8eMZT4e97h_, Session data: Session {
  cookie: {
    path: '/',
    _expires: 2025-10-31T17:50:00.489Z,
    originalMaxAge: 86400000,
    httpOnly: true,
    secure: false,
    sameSite: 'lax'
  }
}
1:50:00 PM [express] POST /api/auth/login 200 in 237ms :: {"success":true,"message":"Login successfu…
Session ID: tZGrcG7sUlGbWvVr3G265s2xMrwVD2cl, Session data: Session {
  cookie: {
    path: '/',
    _expires: 2025-10-31T17:50:04.435Z,
    originalMaxAge: 86400000,
    httpOnly: true,
    secure: false,
    sameSite: 'lax'
  }
}
1:50:14 PM [express] GET /api/portfolio 401 in 1ms :: {"message":"Not authenticated"}
🧹 Rate limiter cleanup: removed 0 expired entries
🧹 Rate limiter cleanup: removed 0 expired entries
🧹 Rate limiter cleanup: removed 0 expired entries
Session ID: cX49HSsl9igHczuAVbKNLzQzHQqa2jDM, Session data: Session {
  cookie: {
    path: '/',
    _expires: 2025-10-31T17:54:01.317Z,
    originalMaxAge: 86400000,
    httpOnly: true,
    secure: false,
    sameSite: 'lax'
  }
}
1:54:01 PM [express] GET /api/portfolio 401 in 1ms :: {"message":"Not authenticated"}
Session ID: ZzuKyE_PeL27fIFuu0ZIDZhfSkgsxEbi, Session data: Session {
  cookie: {
    path: '/',
    _expires: 2025-10-31T17:55:06.328Z,
    originalMaxAge: 86400000,
    httpOnly: true,
    secure: false,
    sameSite: 'lax'
  }
}
1:55:06 PM [express] GET /api/revolving-credit/account 404 in 2ms :: {"message":"API endpoint not fo…
Session ID: 67fpaHNtnlUyVQ7cC7zdfaYbMjB3fNqR, Session data: Session {
  cookie: {
    path: '/',
    _expires: 2025-10-31T17:55:28.136Z,
    originalMaxAge: 86400000,
    httpOnly: true,
    secure: false,
    sameSite: 'lax'
  }
}
1:55:28 PM [express] GET /api/revolving-credit/account 404 in 1ms :: {"message":"API endpoint not fo…
🧹 Rate limiter cleanup: removed 0 expired entries
🧹 Rate limiter cleanup: removed 0 expired entries
🧹 Rate limiter cleanup: removed 0 expired entries
Session ID: VrsQ04XEle6wrD2lEwger_BnZvwOekdt, Session data: Session {
  cookie: {
    path: '/',
    _expires: 2025-10-31T17:59:51.197Z,
    originalMaxAge: 86400000,
    httpOnly: true,
    secure: false,
    sameSite: 'lax'
  }
}
1:59:51 PM [express] GET /api/revolving-credit/test 404 in 1ms :: {"message":"API endpoint not found…
Session ID: ibmtOwOPiSE0ePjz8pGlQytwivCSuhae, Session data: Session {
  cookie: {
    path: '/',
    _expires: 2025-10-31T18:00:32.891Z,
    originalMaxAge: 86400000,
    httpOnly: true,
    secure: false,
    sameSite: 'lax'
  }
}
2:00:32 PM [express] GET /api/revolving-credit/test 404 in 1ms :: {"message":"API endpoint not found…
Session ID: mZJAJX6Q1N6OvFkIRWn74imCxXb9aXE6, Session data: Session {
  cookie: {
    path: '/',
    _expires: 2025-10-31T18:01:54.014Z,
    originalMaxAge: 86400000,
    httpOnly: true,
    secure: false,
    sameSite: 'lax'
  }
}
2:01:54 PM [express] GET /api/revolving-credit/test 404 in 1ms :: {"message":"API endpoint not found…
🧹 Rate limiter cleanup: removed 0 expired entries
🧹 Rate limiter cleanup: removed 0 expired entries
🧹 Rate limiter cleanup: removed 0 expired entries
Session ID: k-Je09gWszzen_TM3Fi5MhoU1F64f1hv, Session data: Session {
  cookie: {
    path: '/',
    _expires: 2025-10-31T18:07:53.633Z,
    originalMaxAge: 86400000,
    httpOnly: true,
    secure: false,
    sameSite: 'lax'
  }
}
2:07:53 PM [express] GET /api/revolving-credit/account 404 in 1ms :: {"message":"API endpoint not fo…
🧹 Rate limiter cleanup: removed 0 expired entries
🧹 Rate limiter cleanup: removed 0 expired entries
🧹 Rate limiter cleanup: removed 0 expired entries
Session ID: 8w4XETcs44FmWIeCdFdOvLYzuKGalf1d, Session data: Session {
  cookie: {
    path: '/',
    _expires: 2025-10-31T18:08:07.105Z,
    originalMaxAge: 86400000,
    httpOnly: true,
    secure: false,
    sameSite: 'lax'
  }
}
2:08:07 PM [express] POST /api/auth/login 200 in 241ms :: {"success":true,"message":"Login successfu…
Session ID: 8w4XETcs44FmWIeCdFdOvLYzuKGalf1d, Session data: Session {
  cookie: {
    path: '/',
    _expires: 2025-10-31T18:08:07.105Z,
    originalMaxAge: 86400000,
    httpOnly: true,
    secure: false,
    sameSite: 'lax'
  },
  userId: 1
}
2:08:07 PM [express] GET /api/revolving-credit/account 404 in 1ms :: {"message":"API endpoint not fo…
Session ID: 1sDxsywwBgTA-ifnKJijzV8JK4F_Joyg, Session data: Session {
  cookie: {
    path: '/',
    _expires: 2025-10-31T18:08:26.103Z,
    originalMaxAge: 86400000,
    httpOnly: true,
    secure: false,
    sameSite: 'lax'
  }
}
2:08:26 PM [express] GET /api/revolving-credit/test 404 in 0ms :: {"message":"API endpoint not found…
Session ID: 4RHJoFJRVk0wzXxnqZvK2n6cnQoONlqL, Session data: Session {
  cookie: {
    path: '/',
    _expires: 2025-10-31T18:09:44.185Z,
    originalMaxAge: 86400000,
    httpOnly: true,
    secure: false,
    sameSite: 'lax'
  }
}
2:09:45 PM [express] GET /api/revolving-credit/account 404 in 0ms :: {"message":"API endpoint not fo…
Session ID: 3iFbJK72AB2hao5cR4D_UBUxgcPxKybj, Session data: Session {
  cookie: {
    path: '/',
    _expires: 2025-10-31T18:09:49.117Z,
    originalMaxAge: 86400000,
    httpOnly: true,
    secure: false,
    sameSite: 'lax'
  }
}
2:09:51 PM [express] GET /api/revolving-credit/account 404 in 1ms :: {"message":"API endpoint not fo…
Session ID: bi6d1afhwMgWc5iNUYr8Ph0dDBvAHA2m, Session data: Session {
  cookie: {
    path: '/',
    _expires: 2025-10-31T18:10:04.173Z,
    originalMaxAge: 86400000,
    httpOnly: true,
    secure: false,
    sameSite: 'lax'
  }
}
2:10:05 PM [express] GET /api/auth/session 401 in 0ms :: {"success":false,"message":"Not authenticat…
Session ID: YKcpw3oksiA6rSmED-OYlCVxcMiG6SIY, Session data: Session {
  cookie: {
    path: '/',
    _expires: 2025-10-31T18:10:10.661Z,
    originalMaxAge: 86400000,
    httpOnly: true,
    secure: false,
    sameSite: 'lax'
  }
}
2:10:12 PM [express] GET /api/auth/session 401 in 1ms :: {"success":false,"message":"Not authenticat…
Session ID: YKcpw3oksiA6rSmED-OYlCVxcMiG6SIY, Session data: Session {
  cookie: {
    path: '/',
    _expires: 2025-10-31T18:10:12.562Z,
    originalMaxAge: 86400000,
    httpOnly: true,
    secure: false,
    sameSite: 'lax'
  }
}
2:10:12 PM [express] GET /api/revolving-credit/account 404 in 1ms :: {"message":"API endpoint not fo…
Session ID: ZzuKyE_PeL27fIFuu0ZIDZhfSkgsxEbi, Session data: Session {
  cookie: {
    path: '/',
    _expires: 2025-10-31T18:10:35.281Z,
    originalMaxAge: 86400000,
    httpOnly: true,
    secure: false,
    sameSite: 'lax'
  }
}
2:10:35 PM [express] GET /api/revolving-credit/account 404 in 1ms :: {"message":"API endpoint not fo…
Session ID: ZzuKyE_PeL27fIFuu0ZIDZhfSkgsxEbi, Session data: Session {
  cookie: {
    path: '/',
    _expires: 2025-10-31T18:10:35.389Z,
    originalMaxAge: 86400000,
    httpOnly: true,
    secure: false,
    sameSite: 'lax'
  }
}
2:10:35 PM [express] GET /api/auth/session 401 in 0ms :: {"success":false,"message":"Not authenticat…
Session ID: ZzuKyE_PeL27fIFuu0ZIDZhfSkgsxEbi, Session data: Session {
  cookie: {
    path: '/',
    _expires: 2025-10-31T18:10:50.098Z,
    originalMaxAge: 86400000,
    httpOnly: true,
    secure: false,
    sameSite: 'lax'
  }
}
2:10:50 PM [express] GET /api/auth/session 401 in 2ms :: {"success":false,"message":"Not authenticat…
Session ID: ZzuKyE_PeL27fIFuu0ZIDZhfSkgsxEbi, Session data: Session {
  cookie: {
    path: '/',
    _expires: 2025-10-31T18:10:50.250Z,
    originalMaxAge: 86400000,
    httpOnly: true,
    secure: false,
    sameSite: 'lax'
  }
}
2:11:50 PM [express] POST /api/auth/login 200 in 242ms :: {"success":true,"message":"Login successfu…
Session ID: ZzuKyE_PeL27fIFuu0ZIDZhfSkgsxEbi, Session data: Session {
  cookie: {
    path: '/',
    _expires: 2025-10-31T18:11:50.323Z,
    originalMaxAge: 86400000,
    httpOnly: true,
    secure: false,
    sameSite: 'lax'
  },
  userId: 1
}
2:11:50 PM [express] GET /api/credit-line/details 304 in 1ms :: {"success":true,"data":{"totalLimit"…
Session ID: ZzuKyE_PeL27fIFuu0ZIDZhfSkgsxEbi, Session data: Session {
  cookie: {
    path: '/',
    _expires: 2025-10-31T18:11:50.362Z,
    originalMaxAge: 86400000,
    httpOnly: true,
    secure: false,
    sameSite: 'lax'
  },
  userId: 1
}
2:11:53 PM [express] GET /api/portfolio 304 in 1ms :: {"success":true,"data":{"totalValue":5000000,"…
Session ID: ZzuKyE_PeL27fIFuu0ZIDZhfSkgsxEbi, Session data: Session {
  cookie: {
    path: '/',
    _expires: 2025-10-31T18:11:53.412Z,
    originalMaxAge: 86400000,
    httpOnly: true,
    secure: false,
    sameSite: 'lax'
  },
  userId: 1
}
=== CREDIT AVAILABLE DEBUG ===
User ID: 1
Credit info calculated: {
  "totalCollateralValue": 5000000,
  "maxEligibleCredit": 4000000,
  "outstandingBalance": 0,
  "availableCredit": 4000000,
  "utilizationPercentage": 0
}
Sending response: {
  "success": true,
  "data": {
    "totalCollateralValue": 5000000,
    "maxEligibleCredit": 4000000,
    "outstandingBalance": 0,
    "availableCredit": 4000000,
    "utilizationPercentage": 0,
    "interestRate": 12,
    "processingTime": "2-4 business hours",
    "minimumWithdrawal": 1000,
    "maximumWithdrawal": 4000000
  }
}
2:12:12 PM [express] GET /api/credit/available 200 in 1ms :: {"success":true,"data":{"totalCollatera…
🧹 Rate limiter cleanup: removed 0 expired entries
🧹 Rate limiter cleanup: removed 0 expired entries
🧹 Rate limiter cleanup: removed 0 expired entries
Session ID: ZzuKyE_PeL27fIFuu0ZIDZhfSkgsxEbi, Session data: Session {
  cookie: {
    path: '/',
    _expires: 2025-10-31T18:13:21.190Z,
    originalMaxAge: 86400000,
    httpOnly: true,
    secure: false,
    sameSite: 'lax'
  },
  userId: 1
}
2:13:24 PM [express] GET /api/portfolio 304 in 1ms :: {"success":true,"data":{"totalValue":5000000,"…
Session ID: ZzuKyE_PeL27fIFuu0ZIDZhfSkgsxEbi, Session data: Session {
  cookie: {
    path: '/',
    _expires: 2025-10-31T18:13:24.329Z,
    originalMaxAge: 86400000,
    httpOnly: true,
    secure: false,
    sameSite: 'lax'
  },
  userId: 1
}
2:13:54 PM [express] GET /api/portfolio 304 in 1ms :: {"success":true,"data":{"totalValue":5000000,"…
Session ID: ZzuKyE_PeL27fIFuu0ZIDZhfSkgsxEbi, Session data: Session {
  cookie: {
    path: '/',
    _expires: 2025-10-31T18:13:54.344Z,
    originalMaxAge: 86400000,
    httpOnly: true,
    secure: false,
    sameSite: 'lax'
  },
  userId: 1
}
2:14:24 PM [express] GET /api/portfolio 304 in 1ms :: {"success":true,"data":{"totalValue":5000000,"…
Session ID: ZzuKyE_PeL27fIFuu0ZIDZhfSkgsxEbi, Session data: Session {
  cookie: {
    path: '/',
    _expires: 2025-10-31T18:14:24.361Z,
    originalMaxAge: 86400000,
    httpOnly: true,
    secure: false,
    sameSite: 'lax'
  },
  userId: 1
}
2:14:51 PM [express] GET /api/credit-line/details 304 in 2ms :: {"success":true,"data":{"totalLimit"…
Session ID: ZzuKyE_PeL27fIFuu0ZIDZhfSkgsxEbi, Session data: Session {
  cookie: {
    path: '/',
    _expires: 2025-10-31T18:14:51.374Z,
    originalMaxAge: 86400000,
    httpOnly: true,
    secure: false,
    sameSite: 'lax'
  },
  userId: 1
}
2:14:54 PM [express] GET /api/portfolio 304 in 1ms :: {"success":true,"data":{"totalValue":5000000,"…
Session ID: ZzuKyE_PeL27fIFuu0ZIDZhfSkgsxEbi, Session data: Session {
  cookie: {
    path: '/',
    _expires: 2025-10-31T18:14:54.377Z,
    originalMaxAge: 86400000,
    httpOnly: true,
    secure: false,
    sameSite: 'lax'
  },
  userId: 1
}
2:15:24 PM [express] GET /api/portfolio 304 in 1ms :: {"success":true,"data":{"totalValue":5000000,"…
Session ID: ZzuKyE_PeL27fIFuu0ZIDZhfSkgsxEbi, Session data: Session {
  cookie: {
    path: '/',
    _expires: 2025-10-31T18:15:24.392Z,
    originalMaxAge: 86400000,
    httpOnly: true,
    secure: false,
    sameSite: 'lax'
  },
  userId: 1
}
2:15:51 PM [express] GET /api/credit-line/details 304 in 1ms :: {"success":true,"data":{"totalLimit"…
Session ID: ZzuKyE_PeL27fIFuu0ZIDZhfSkgsxEbi, Session data: Session {
  cookie: {
    path: '/',
    _expires: 2025-10-31T18:15:51.418Z,
    originalMaxAge: 86400000,
    httpOnly: true,
    secure: false,
    sameSite: 'lax'
  },
  userId: 1
}
2:15:54 PM [express] GET /api/portfolio 304 in 1ms :: {"success":true,"data":{"totalValue":5000000,"…
Session ID: ZzuKyE_PeL27fIFuu0ZIDZhfSkgsxEbi, Session data: Session {
  cookie: {
    path: '/',
    _expires: 2025-10-31T18:15:54.409Z,
    originalMaxAge: 86400000,
    httpOnly: true,
    secure: false,
    sameSite: 'lax'
  },
  userId: 1
}
2:16:27 PM [express] GET /api/portfolio 304 in 1ms :: {"success":true,"data":{"totalValue":5000000,"…
Session ID: yFvwVxyaz4x5ykepIDyZsOmXeTxuT5fP, Session data: Session {
  cookie: {
    path: '/',
    _expires: 2025-10-31T18:16:42.628Z,
    originalMaxAge: 86400000,
    httpOnly: true,
    secure: false,
    sameSite: 'lax'
  }
}
2:16:42 PM [express] POST /api/auth/login 200 in 241ms :: {"success":true,"message":"Login successfu…
Session ID: ZzuKyE_PeL27fIFuu0ZIDZhfSkgsxEbi, Session data: Session {
  cookie: {
    path: '/',
    _expires: 2025-10-31T18:16:27.457Z,
    originalMaxAge: 86400000,
    httpOnly: true,
    secure: false,
    sameSite: 'lax'
  },
  userId: 1
}
2:16:51 PM [express] GET /api/credit-line/details 304 in 1ms :: {"success":true,"data":{"totalLimit"…
Session ID: ZzuKyE_PeL27fIFuu0ZIDZhfSkgsxEbi, Session data: Session {
  cookie: {
    path: '/',
    _expires: 2025-10-31T18:16:51.468Z,
    originalMaxAge: 86400000,
    httpOnly: true,
    secure: false,
    sameSite: 'lax'
  },
  userId: 1
}
2:16:57 PM [express] GET /api/portfolio 304 in 0ms :: {"success":true,"data":{"totalValue":5000000,"…
Session ID: 6XpRHW_WGXoiX987eouShIl_m-2OKp_d, Session data: Session {
  cookie: {
    path: '/',
    _expires: 2025-10-31T18:17:30.534Z,
    originalMaxAge: 86400000,
    httpOnly: true,
    secure: false,
    sameSite: 'lax'
  }
}
2:17:30 PM [express] GET /api/portfolio 401 in 1ms :: {"message":"Not authenticated"}
Session ID: 2M83uqdAfUwpDbnrQA4-RyN6Yjas9d_p, Session data: Session {
  cookie: {
    path: '/',
    _expires: 2025-10-31T18:17:32.321Z,
    originalMaxAge: 86400000,
    httpOnly: true,
    secure: false,
    sameSite: 'lax'
  }
}
2:17:32 PM [express] POST /api/auth/login 200 in 304ms :: {"success":true,"message":"Login successfu…
Session ID: 2M83uqdAfUwpDbnrQA4-RyN6Yjas9d_p, Session data: Session {
  cookie: {
    path: '/',
    _expires: 2025-10-31T18:17:32.321Z,
    originalMaxAge: 86400000,
    httpOnly: true,
    secure: false,
    sameSite: 'lax'
  },
  userId: 1
}
2:17:32 PM [express] GET /api/revolving-credit/account 404 in 1ms :: {"message":"API endpoint not fo…
🧹 Rate limiter cleanup: removed 0 expired entries
🧹 Rate limiter cleanup: removed 0 expired entries
🧹 Rate limiter cleanup: removed 0 expired entries
Session ID: d7AP66YbG7Zak1qdk2suHFuX-qzkOiuC, Session data: Session {
  cookie: {
    path: '/',
    _expires: 2025-10-31T18:18:04.580Z,
    originalMaxAge: 86400000,
    httpOnly: true,
    secure: false,
    sameSite: 'lax'
  }
}
2:18:04 PM [express] GET /api/portfolio 401 in 1ms :: {"message":"Not authenticated"}
Session ID: dR9JfU4DMGslItevrGJfNkLqwXdvV7-w, Session data: Session {
  cookie: {
    path: '/',
    _expires: 2025-10-31T18:18:07.614Z,
    originalMaxAge: 86400000,
    httpOnly: true,
    secure: false,
    sameSite: 'lax'
  }
}
2:18:07 PM [express] GET /api/portfolio 401 in 0ms :: {"message":"Not authenticated"}
Session ID: dR9JfU4DMGslItevrGJfNkLqwXdvV7-w, Session data: Session {
  cookie: {
    path: '/',
    _expires: 2025-10-31T18:18:07.615Z,
    originalMaxAge: 86400000,
    httpOnly: true,
    secure: false,
    sameSite: 'lax'
  }
}
2:18:11 PM [express] GET /api/portfolio 401 in 1ms :: {"message":"Not authenticated"}
Session ID: PurupmKFca4WMNkH5rHKeu_TQUmLuIwk, Session data: Session {
  cookie: {
    path: '/',
    _expires: 2025-10-31T18:18:19.895Z,
    originalMaxAge: 86400000,
    httpOnly: true,
    secure: false,
    sameSite: 'lax'
  }
}
2:18:20 PM [express] GET /api/auth/session 401 in 1ms :: {"success":false,"message":"Not authenticat…
Session ID: 2zatmaIgw3qArowySdx3wNiqOmBzbWK_, Session data: Session {
  cookie: {
    path: '/',
    _expires: 2025-10-31T18:19:20.835Z,
    originalMaxAge: 86400000,
    httpOnly: true,
    secure: false,
    sameSite: 'lax'
  }
}
2:19:20 PM [express] GET /api/portfolio 401 in 1ms :: {"message":"Not authenticated"}
Session ID: tMiJMUtlqKS1AX0LgzAkBpL65d17rLiz, Session data: Session {
  cookie: {
    path: '/',
    _expires: 2025-10-31T18:19:23.881Z,
    originalMaxAge: 86400000,
    httpOnly: true,
    secure: false,
    sameSite: 'lax'
  }
}
2:19:23 PM [express] GET /api/portfolio 401 in 0ms :: {"message":"Not authenticated"}
Session ID: tMiJMUtlqKS1AX0LgzAkBpL65d17rLiz, Session data: Session {
  cookie: {
    path: '/',
    _expires: 2025-10-31T18:19:26.907Z,
    originalMaxAge: 86400000,
    httpOnly: true,
    secure: false,
    sameSite: 'lax'
  }
}
2:19:27 PM [express] GET /api/portfolio 401 in 1ms :: {"message":"Not authenticated"}
Session ID: tMiJMUtlqKS1AX0LgzAkBpL65d17rLiz, Session data: Session {
  cookie: {
    path: '/',
    _expires: 2025-10-31T18:19:42.911Z,
    originalMaxAge: 86400000,
    httpOnly: true,
    secure: false,
    sameSite: 'lax'
  }
}
2:19:43 PM [express] GET /api/revolving-credit/account 404 in 1ms :: {"message":"API endpoint not fo…
Session ID: wuFu66SHUS7ZAo3pwM7ko2PcCIu2cznW, Session data: Session {
  cookie: {
    path: '/',
    _expires: 2025-10-31T18:20:09.150Z,
    originalMaxAge: 86400000,
    httpOnly: true,
    secure: false,
    sameSite: 'lax'
  }
}
2:20:09 PM [express] GET /api/revolving-credit/account 404 in 0ms :: {"message":"API endpoint not fo…
Session ID: DT_60kEnR1eQY4_uRPEAOtMFZiSDvULo, Session data: Session {
  cookie: {
    path: '/',
    _expires: 2025-10-31T18:21:10.251Z,
    originalMaxAge: 86400000,
    httpOnly: true,
    secure: false,
    sameSite: 'lax'
  }
}
2:21:10 PM [express] GET /api/revolving-credit/account 404 in 1ms :: {"message":"API endpoint not fo…
🧹 Rate limiter cleanup: removed 0 expired entries
🧹 Rate limiter cleanup: removed 0 expired entries
🧹 Rate limiter cleanup: removed 0 expired entries
🧹 Rate limiter cleanup: removed 0 expired entries
🧹 Rate limiter cleanup: removed 0 expired entries
🧹 Rate limiter cleanup: removed 0 expired entries
Session ID: Mi1FZKqzigz-E-_SW7lNSy7kmwEhyE_k, Session data: Session {
  cookie: {
    path: '/',
    _expires: 2025-10-31T18:31:01.354Z,
    originalMaxAge: 86400000,
    httpOnly: true,
    secure: false,
    sameSite: 'lax'
  }
}
2:32:02 PM [express] POST /api/auth/login 200 in 243ms :: {"success":true,"message":"Login successfu…
Session ID: Mi1FZKqzigz-E-_SW7lNSy7kmwEhyE_k, Session data: Session {
  cookie: {
    path: '/',
    _expires: 2025-10-31T18:32:02.665Z,
    originalMaxAge: 86400000,
    httpOnly: true,
    secure: false,
    sameSite: 'lax'
  },
  userId: 1
}
2:32:02 PM [express] GET /api/credit-line/details 200 in 1ms :: {"success":true,"data":{"totalLimit"…
Session ID: Mi1FZKqzigz-E-_SW7lNSy7kmwEhyE_k, Session data: Session {
  cookie: {
    path: '/',
    _expires: 2025-10-31T18:32:02.688Z,
    originalMaxAge: 86400000,
    httpOnly: true,
    secure: false,
    sameSite: 'lax'
  },
  userId: 1
}
2:32:02 PM [express] GET /api/portfolio 304 in 1ms :: {"success":true,"data":{"totalValue":5000000,"…
Session ID: K__W98SS9fshhnPUOvnuj-tpVXattTTj, Session data: Session {
  cookie: {
    path: '/',
    _expires: 2025-10-31T18:32:26.629Z,
    originalMaxAge: 86400000,
    httpOnly: true,
    secure: false,
    sameSite: 'lax'
  }
}
2:32:26 PM [express] GET /api/auth/session 401 in 0ms :: {"success":false,"message":"Not authenticat…
Session ID: bqIs6hTwzJ77612OwjLpLK4nsn3-qkMg, Session data: Session {
  cookie: {
    path: '/',
    _expires: 2025-10-31T18:32:26.631Z,
    originalMaxAge: 86400000,
    httpOnly: true,
    secure: false,
    sameSite: 'lax'
  }
}
2:32:26 PM [express] GET /api/revolving-credit/account 404 in 1ms :: {"message":"API endpoint not fo…
🧹 Rate limiter cleanup: removed 0 expired entries
🧹 Rate limiter cleanup: removed 0 expired entries
🧹 Rate limiter cleanup: removed 0 expired entries
Session ID: i-jJ2Iac4Qr4AcWtkVnE64d5_7pWop8q, Session data: Session {
  cookie: {
    path: '/',
    _expires: 2025-10-31T18:35:18.388Z,
    originalMaxAge: 86400000,
    httpOnly: true,
    secure: false,
    sameSite: 'lax'
  }
}
2:35:18 PM [express] POST /api/auth/login 200 in 241ms :: {"success":true,"message":"Login successfu…
Session ID: i-jJ2Iac4Qr4AcWtkVnE64d5_7pWop8q, Session data: Session {
  cookie: {
    path: '/',
    _expires: 2025-10-31T18:35:18.388Z,
    originalMaxAge: 86400000,
    httpOnly: true,
    secure: false,
    sameSite: 'lax'
  },
  userId: 1
}
2:35:18 PM [express] GET /api/portfolio 304 in 1ms :: {"success":true,"data":{"totalValue":5000000,"…
Session ID: fN4UC-6Xb_foVb6xtHYwURyAqGw5eZdw, Session data: Session {
  cookie: {
    path: '/',
    _expires: 2025-10-31T18:35:41.224Z,
    originalMaxAge: 86400000,
    httpOnly: true,
    secure: false,
    sameSite: 'lax'
  }
}
2:35:41 PM [express] GET /api/auth/session 401 in 1ms :: {"success":false,"message":"Not authenticat…
Session ID: rqpX939JaED1e9jiY_3Xc2YmQaV36bLs, Session data: Session {
  cookie: {
    path: '/',
    _expires: 2025-10-31T18:35:41.226Z,
    originalMaxAge: 86400000,
    httpOnly: true,
    secure: false,
    sameSite: 'lax'
  }
}
2:35:41 PM [express] GET /api/revolving-credit/account 404 in 1ms :: {"message":"API endpoint not fo…
🧹 Rate limiter cleanup: removed 0 expired entries
🧹 Rate limiter cleanup: removed 0 expired entries
🧹 Rate limiter cleanup: removed 0 expired entries
Session ID: jFjwFcZqezoTmegNYUgxYHK4duwzem6b, Session data: Session {
  cookie: {
    path: '/',
    _expires: 2025-10-31T18:39:14.650Z,
    originalMaxAge: 86400000,
    httpOnly: true,
    secure: false,
    sameSite: 'lax'
  }
}
2:39:14 PM [express] GET /api/portfolio 401 in 1ms :: {"message":"Not authenticated"}
Session ID: K3RG7-wa4naehJj1ak_KeFkqV6iEWoaJ, Session data: Session {
  cookie: {
    path: '/',
    _expires: 2025-10-31T18:39:21.699Z,
    originalMaxAge: 86400000,
    httpOnly: true,
    secure: false,
    sameSite: 'lax'
  }
}
2:39:21 PM [express] GET /api/portfolio 401 in 0ms :: {"message":"Not authenticated"}
Session ID: zlNlNBXeY2Yz8sNvsJchR3e24UOZeF6r, Session data: Session {
  cookie: {
    path: '/',
    _expires: 2025-10-31T18:39:37.907Z,
    originalMaxAge: 86400000,
    httpOnly: true,
    secure: false,
    sameSite: 'lax'
  }
}
2:39:38 PM [express] GET /api/auth/session 401 in 0ms :: {"success":false,"message":"Not authenticat…
Session ID: zlNlNBXeY2Yz8sNvsJchR3e24UOZeF6r, Session data: Session {
  cookie: {
    path: '/',
    _expires: 2025-10-31T18:39:38.007Z,
    originalMaxAge: 86400000,
    httpOnly: true,
    secure: false,
    sameSite: 'lax'
  }
}
2:39:38 PM [express] GET /api/revolving-credit/account 404 in 1ms :: {"message":"API endpoint not fo…
Session ID: HUsky46itToLQdDqIENrCp_8MxonWvMf, Session data: Session {
  cookie: {
    path: '/',
    _expires: 2025-10-31T18:41:01.416Z,
    originalMaxAge: 86400000,
    httpOnly: true,
    secure: false,
    sameSite: 'lax'
  }
}
2:41:01 PM [express] GET /api/portfolio 401 in 1ms :: {"message":"Not authenticated"}
Session ID: YStR9vcfAyoLstSOO8OgCwDJHRzMICiz, Session data: Session {
  cookie: {
    path: '/',
    _expires: 2025-10-31T18:41:01.418Z,
    originalMaxAge: 86400000,
    httpOnly: true,
    secure: false,
    sameSite: 'lax'
  }
}
2:41:01 PM [express] GET /api/auth/session 401 in 0ms :: {"success":false,"message":"Not authenticat…
Session ID: k308zRXvr39csbdS-VCh6ElOaFrJ3X9j, Session data: Session {
  cookie: {
    path: '/',
    _expires: 2025-10-31T18:41:08.466Z,
    originalMaxAge: 86400000,
    httpOnly: true,
    secure: false,
    sameSite: 'lax'
  }
}
2:41:08 PM [express] GET /api/portfolio 401 in 1ms :: {"message":"Not authenticated"}
Session ID: k308zRXvr39csbdS-VCh6ElOaFrJ3X9j, Session data: Session {
  cookie: {
    path: '/',
    _expires: 2025-10-31T18:41:08.466Z,
    originalMaxAge: 86400000,
    httpOnly: true,
    secure: false,
    sameSite: 'lax'
  }
}
2:41:31 PM [express] GET /api/credit-line/details 401 in 0ms :: {"message":"Not authenticated"}
Session ID: k308zRXvr39csbdS-VCh6ElOaFrJ3X9j, Session data: Session {
  cookie: {
    path: '/',
    _expires: 2025-10-31T18:41:31.441Z,
    originalMaxAge: 86400000,
    httpOnly: true,
    secure: false,
    sameSite: 'lax'
  }
}
2:41:38 PM [express] GET /api/portfolio 401 in 2ms :: {"message":"Not authenticated"}
Session ID: BzD78vUuhXB9hEShqlpKVHo2Cog1sIOG, Session data: Session {
  cookie: {
    path: '/',
    _expires: 2025-10-31T18:42:15.568Z,
    originalMaxAge: 86400000,
    httpOnly: true,
    secure: false,
    sameSite: 'lax'
  }
}
2:42:15 PM [express] GET /api/portfolio 401 in 1ms :: {"message":"Not authenticated"}
Session ID: BzD78vUuhXB9hEShqlpKVHo2Cog1sIOG, Session data: Session {
  cookie: {
    path: '/',
    _expires: 2025-10-31T18:42:15.568Z,
    originalMaxAge: 86400000,
    httpOnly: true,
    secure: false,
    sameSite: 'lax'
  }
}
2:42:16 PM [express] GET /api/portfolio 401 in 0ms :: {"message":"Not authenticated"}
Session ID: BzD78vUuhXB9hEShqlpKVHo2Cog1sIOG, Session data: Session {
  cookie: {
    path: '/',
    _expires: 2025-10-31T18:42:16.585Z,
    originalMaxAge: 86400000,
    httpOnly: true,
    secure: false,
    sameSite: 'lax'
  }
}
2:42:18 PM [express] GET /api/portfolio 401 in 1ms :: {"message":"Not authenticated"}
Session ID: BzD78vUuhXB9hEShqlpKVHo2Cog1sIOG, Session data: Session {
  cookie: {
    path: '/',
    _expires: 2025-10-31T18:42:18.598Z,
    originalMaxAge: 86400000,
    httpOnly: true,
    secure: false,
    sameSite: 'lax'
  }
}
2:42:22 PM [express] GET /api/portfolio 401 in 1ms :: {"message":"Not authenticated"}
Session ID: qX2EnZW_TA4-Ucii8fUM8X6_oRASISo9, Session data: Session {
  cookie: {
    path: '/',
    _expires: 2025-10-31T18:42:52.641Z,
    originalMaxAge: 86400000,
    httpOnly: true,
    secure: false,
    sameSite: 'lax'
  }
}
2:42:52 PM [express] GET /api/portfolio 401 in 1ms :: {"message":"Not authenticated"}
🧹 Rate limiter cleanup: removed 0 expired entries
🧹 Rate limiter cleanup: removed 0 expired entries
🧹 Rate limiter cleanup: removed 0 expired entries
Session ID: lKi-deK8d3dB-vgm3Jurj7TtVUaxaRJQ, Session data: Session {
  cookie: {
    path: '/',
    _expires: 2025-10-31T18:42:59.704Z,
    originalMaxAge: 86400000,
    httpOnly: true,
    secure: false,
    sameSite: 'lax'
  }
}
2:42:59 PM [express] GET /api/portfolio 401 in 1ms :: {"message":"Not authenticated"}
Session ID: DW_4X_zyguhUpGyhvvceK1Co4tOa19mR, Session data: Session {
  cookie: {
    path: '/',
    _expires: 2025-10-31T18:43:29.725Z,
    originalMaxAge: 86400000,
    httpOnly: true,
    secure: false,
    sameSite: 'lax'
  }
}
2:43:29 PM [express] GET /api/portfolio 401 in 1ms :: {"message":"Not authenticated"}
Session ID: hkhelw1wGx4EsBc4Gvi076AwR5WndHcK, Session data: Session {
  cookie: {
    path: '/',
    _expires: 2025-10-31T18:43:31.514Z,
    originalMaxAge: 86400000,
    httpOnly: true,
    secure: false,
    sameSite: 'lax'
  }
}
2:43:31 PM [express] GET /api/credit-line/details 401 in 1ms :: {"message":"Not authenticated"}
Session ID: hkhelw1wGx4EsBc4Gvi076AwR5WndHcK, Session data: Session {
  cookie: {
    path: '/',
    _expires: 2025-10-31T18:43:31.514Z,
    originalMaxAge: 86400000,
    httpOnly: true,
    secure: false,
    sameSite: 'lax'
  }
}
2:43:32 PM [express] GET /api/portfolio 401 in 1ms :: {"message":"Not authenticated"}
Session ID: v0Hrs8PtYBN_gvy2EGw8pS7SkTPBlAAV, Session data: Session {
  cookie: {
    path: '/',
    _expires: 2025-10-31T18:44:06.797Z,
    originalMaxAge: 86400000,
    httpOnly: true,
    secure: false,
    sameSite: 'lax'
  }
}
2:44:06 PM [express] GET /api/portfolio 401 in 0ms :: {"message":"Not authenticated"}
Session ID: mazEH-_b3X8aen7nk8QVvRcqm7y0LbYE, Session data: Session {
  cookie: {
    path: '/',
    _expires: 2025-10-31T18:44:13.850Z,
    originalMaxAge: 86400000,
    httpOnly: true,
    secure: false,
    sameSite: 'lax'
  }
}
2:44:13 PM [express] GET /api/portfolio 401 in 0ms :: {"message":"Not authenticated"}
Session ID: PV8LQoVqytFrMs2nmGnLEV1WsB2dt5Zb, Session data: Session {
  cookie: {
    path: '/',
    _expires: 2025-10-31T18:44:44.890Z,
    originalMaxAge: 86400000,
    httpOnly: true,
    secure: false,
    sameSite: 'lax'
  }
}
2:44:44 PM [express] GET /api/portfolio 401 in 1ms :: {"message":"Not authenticated"}
Session ID: FvwuXudxt7xrRObHPaxRQgSqFG4yGn0Y, Session data: Session {
  cookie: {
    path: '/',
    _expires: 2025-10-31T18:44:50.928Z,
    originalMaxAge: 86400000,
    httpOnly: true,
    secure: false,
    sameSite: 'lax'
  }
}
2:44:50 PM [express] GET /api/portfolio 401 in 1ms :: {"message":"Not authenticated"}
🧹 Performed periodic cleanup of monitoring data
Session ID: NyP67Udt-pDigecSnoTcaD8CvIUxkOUT, Session data: Session {
  cookie: {
    path: '/',
    _expires: 2025-10-31T18:45:20.951Z,
    originalMaxAge: 86400000,
    httpOnly: true,
    secure: false,
    sameSite: 'lax'
  }
}
2:45:20 PM [express] GET /api/portfolio 401 in 1ms :: {"message":"Not authenticated"}
Session ID: NyP67Udt-pDigecSnoTcaD8CvIUxkOUT, Session data: Session {
  cookie: {
    path: '/',
    _expires: 2025-10-31T18:45:20.951Z,
    originalMaxAge: 86400000,
    httpOnly: true,
    secure: false,
    sameSite: 'lax'
  }
}
2:45:21 PM [express] GET /api/portfolio 401 in 1ms :: {"message":"Not authenticated"}
Session ID: NyP67Udt-pDigecSnoTcaD8CvIUxkOUT, Session data: Session {
  cookie: {
    path: '/',
    _expires: 2025-10-31T18:45:21.965Z,
    originalMaxAge: 86400000,
    httpOnly: true,
    secure: false,
    sameSite: 'lax'
  }
}
2:45:23 PM [express] GET /api/portfolio 401 in 1ms :: {"message":"Not authenticated"}
Session ID: WLdvqvcRZaPn2KxouCwmYLumAF3i8m29, Session data: Session {
  cookie: {
    path: '/',
    _expires: 2025-10-31T18:45:31.602Z,
    originalMaxAge: 86400000,
    httpOnly: true,
    secure: false,
    sameSite: 'lax'
  }
}
2:45:31 PM [express] GET /api/credit-line/details 401 in 0ms :: {"message":"Not authenticated"}
Session ID: WLdvqvcRZaPn2KxouCwmYLumAF3i8m29, Session data: Session {
  cookie: {
    path: '/',
    _expires: 2025-10-31T18:45:31.603Z,
    originalMaxAge: 86400000,
    httpOnly: true,
    secure: false,
    sameSite: 'lax'
  }
}
2:45:58 PM [express] GET /api/portfolio 401 in 1ms :: {"message":"Not authenticated"}
Session ID: WLdvqvcRZaPn2KxouCwmYLumAF3i8m29, Session data: Session {
  cookie: {
    path: '/',
    _expires: 2025-10-31T18:45:58.021Z,
    originalMaxAge: 86400000,
    httpOnly: true,
    secure: false,
    sameSite: 'lax'
  }
}
2:45:59 PM [express] GET /api/portfolio 401 in 1ms :: {"message":"Not authenticated"}
Session ID: mMVuMzdlZ9M1uvfo6zoyffuP9JlXj7vv, Session data: Session {
  cookie: {
    path: '/',
    _expires: 2025-10-31T18:46:31.636Z,
    originalMaxAge: 86400000,
    httpOnly: true,
    secure: false,
    sameSite: 'lax'
  }
}
2:46:31 PM [express] GET /api/credit-line/details 401 in 1ms :: {"message":"Not authenticated"}
Session ID: Zblqj_YlpbZlXwMSoiZUEfOGhMrSMOFm, Session data: Session {
  cookie: {
    path: '/',
    _expires: 2025-10-31T18:47:01.657Z,
    originalMaxAge: 86400000,
    httpOnly: true,
    secure: false,
    sameSite: 'lax'
  }
}
2:47:01 PM [express] GET /api/credit-line/details 401 in 1ms :: {"message":"Not authenticated"}
Session ID: Zblqj_YlpbZlXwMSoiZUEfOGhMrSMOFm, Session data: Session {
  cookie: {
    path: '/',
    _expires: 2025-10-31T18:47:01.657Z,
    originalMaxAge: 86400000,
    httpOnly: true,
    secure: false,
    sameSite: 'lax'
  }
}
2:47:12 PM [express] GET /api/portfolio 401 in 0ms :: {"message":"Not authenticated"}
Session ID: g5dit-ArmD6XbX_Ze141M9kKeM_C3ck6, Session data: Session {
  cookie: {
    path: '/',
    _expires: 2025-10-31T18:47:31.677Z,
    originalMaxAge: 86400000,
    httpOnly: true,
    secure: false,
    sameSite: 'lax'
  }
}
2:47:31 PM [express] GET /api/credit-line/details 401 in 1ms :: {"message":"Not authenticated"}
Session ID: 9qmw-gqWnUfyvuMEg4aZgmBImyMeTth9, Session data: Session {
  cookie: {
    path: '/',
    _expires: 2025-10-31T18:47:50.231Z,
    originalMaxAge: 86400000,
    httpOnly: true,
    secure: false,
    sameSite: 'lax'
  }
}
2:47:50 PM [express] GET /api/portfolio 401 in 0ms :: {"message":"Not authenticated"}
Session ID: 9qmw-gqWnUfyvuMEg4aZgmBImyMeTth9, Session data: Session {
  cookie: {
    path: '/',
    _expires: 2025-10-31T18:47:50.232Z,
    originalMaxAge: 86400000,
    httpOnly: true,
    secure: false,
    sameSite: 'lax'
  }
}
2:47:52 PM [express] GET /api/portfolio 401 in 1ms :: {"message":"Not authenticated"}
🧹 Rate limiter cleanup: removed 0 expired entries
🧹 Rate limiter cleanup: removed 0 expired entries
🧹 Rate limiter cleanup: removed 0 expired entries
Session ID: 0JFv8bRemnw1kG0yFx3cfPulmSY-ZX_z, Session data: Session {
  cookie: {
    path: '/',
    _expires: 2025-10-31T18:48:26.292Z,
    originalMaxAge: 86400000,
    httpOnly: true,
    secure: false,
    sameSite: 'lax'
  }
}
2:48:26 PM [express] GET /api/portfolio 401 in 0ms :: {"message":"Not authenticated"}
Session ID: nDULxEr1g7TIAMBJTvv2FwRdc4vA1xvp, Session data: Session {
  cookie: {
    path: '/',
    _expires: 2025-10-31T18:48:29.322Z,
    originalMaxAge: 86400000,
    httpOnly: true,
    secure: false,
    sameSite: 'lax'
  }
}
2:48:29 PM [express] GET /api/portfolio 401 in 1ms :: {"message":"Not authenticated"}
Session ID: nDULxEr1g7TIAMBJTvv2FwRdc4vA1xvp, Session data: Session {
  cookie: {
    path: '/',
    _expires: 2025-10-31T18:48:29.323Z,
    originalMaxAge: 86400000,
    httpOnly: true,
    secure: false,
    sameSite: 'lax'
  }
}
2:48:31 PM [express] GET /api/credit-line/details 401 in 1ms :: {"message":"Not authenticated"}
Session ID: nDULxEr1g7TIAMBJTvv2FwRdc4vA1xvp, Session data: Session {
  cookie: {
    path: '/',
    _expires: 2025-10-31T18:48:31.715Z,
    originalMaxAge: 86400000,
    httpOnly: true,
    secure: false,
    sameSite: 'lax'
  }
}
2:48:33 PM [express] GET /api/portfolio 401 in 1ms :: {"message":"Not authenticated"}
Session ID: nDULxEr1g7TIAMBJTvv2FwRdc4vA1xvp, Session data: Session {
  cookie: {
    path: '/',
    _expires: 2025-10-31T18:48:33.338Z,
    originalMaxAge: 86400000,
    httpOnly: true,
    secure: false,
    sameSite: 'lax'
  }
}
2:49:01 PM [express] GET /api/credit-line/details 401 in 1ms :: {"message":"Not authenticated"}
Session ID: nDULxEr1g7TIAMBJTvv2FwRdc4vA1xvp, Session data: Session {
  cookie: {
    path: '/',
    _expires: 2025-10-31T18:49:01.736Z,
    originalMaxAge: 86400000,
    httpOnly: true,
    secure: false,
    sameSite: 'lax'
  }
}
2:49:06 PM [express] GET /api/portfolio 401 in 0ms :: {"message":"Not authenticated"}
Session ID: nDULxEr1g7TIAMBJTvv2FwRdc4vA1xvp, Session data: Session {
  cookie: {
    path: '/',
    _expires: 2025-10-31T18:49:06.422Z,
    originalMaxAge: 86400000,
    httpOnly: true,
    secure: false,
    sameSite: 'lax'
  }
}
2:49:10 PM [express] GET /api/portfolio 401 in 0ms :: {"message":"Not authenticated"}
Session ID: nDULxEr1g7TIAMBJTvv2FwRdc4vA1xvp, Session data: Session {
  cookie: {
    path: '/',
    _expires: 2025-10-31T18:49:10.443Z,
    originalMaxAge: 86400000,
    httpOnly: true,
    secure: false,
    sameSite: 'lax'
  }
}
2:49:31 PM [express] GET /api/credit-line/details 401 in 1ms :: {"message":"Not authenticated"}
Session ID: nDULxEr1g7TIAMBJTvv2FwRdc4vA1xvp, Session data: Session {
  cookie: {
    path: '/',
    _expires: 2025-10-31T18:49:31.757Z,
    originalMaxAge: 86400000,
    httpOnly: true,
    secure: false,
    sameSite: 'lax'
  }
}
2:49:40 PM [express] GET /api/portfolio 401 in 1ms :: {"message":"Not authenticated"}
Session ID: nDULxEr1g7TIAMBJTvv2FwRdc4vA1xvp, Session data: Session {
  cookie: {
    path: '/',
    _expires: 2025-10-31T18:49:40.465Z,
    originalMaxAge: 86400000,
    httpOnly: true,
    secure: false,
    sameSite: 'lax'
  }
}
2:49:41 PM [express] GET /api/portfolio 401 in 0ms :: {"message":"Not authenticated"}
Session ID: nDULxEr1g7TIAMBJTvv2FwRdc4vA1xvp, Session data: Session {
  cookie: {
    path: '/',
    _expires: 2025-10-31T18:49:41.478Z,
    originalMaxAge: 86400000,
    httpOnly: true,
    secure: false,
    sameSite: 'lax'
  }
}
2:49:43 PM [express] GET /api/portfolio 401 in 2ms :: {"message":"Not authenticated"}
Session ID: nDULxEr1g7TIAMBJTvv2FwRdc4vA1xvp, Session data: Session {
  cookie: {
    path: '/',
    _expires: 2025-10-31T18:49:43.491Z,
    originalMaxAge: 86400000,
    httpOnly: true,
    secure: false,
    sameSite: 'lax'
  }
}
2:50:55 PM [express] GET /api/portfolio 401 in 0ms :: {"message":"Not authenticated"}
Session ID: nDULxEr1g7TIAMBJTvv2FwRdc4vA1xvp, Session data: Session {
  cookie: {
    path: '/',
    _expires: 2025-10-31T18:50:55.660Z,
    originalMaxAge: 86400000,
    httpOnly: true,
    secure: false,
    sameSite: 'lax'
  }
}
2:50:57 PM [express] GET /api/portfolio 401 in 1ms :: {"message":"Not authenticated"}
Session ID: nDULxEr1g7TIAMBJTvv2FwRdc4vA1xvp, Session data: Session {
  cookie: {
    path: '/',
    _expires: 2025-10-31T18:50:57.673Z,
    originalMaxAge: 86400000,
    httpOnly: true,
    secure: false,
    sameSite: 'lax'
  }
}
2:51:01 PM [express] GET /api/credit-line/details 401 in 0ms :: {"message":"Not authenticated"}
Session ID: nDULxEr1g7TIAMBJTvv2FwRdc4vA1xvp, Session data: Session {
  cookie: {
    path: '/',
    _expires: 2025-10-31T18:51:01.829Z,
    originalMaxAge: 86400000,
    httpOnly: true,
    secure: false,
    sameSite: 'lax'
  }
}
2:51:31 PM [express] GET /api/portfolio 401 in 1ms :: {"message":"Not authenticated"}
Session ID: nDULxEr1g7TIAMBJTvv2FwRdc4vA1xvp, Session data: Session {
  cookie: {
    path: '/',
    _expires: 2025-10-31T18:51:31.720Z,
    originalMaxAge: 86400000,
    httpOnly: true,
    secure: false,
    sameSite: 'lax'
  }
}
2:51:31 PM [express] GET /api/credit-line/details 401 in 0ms :: {"message":"Not authenticated"}
Session ID: nDULxEr1g7TIAMBJTvv2FwRdc4vA1xvp, Session data: Session {
  cookie: {
    path: '/',
    _expires: 2025-10-31T18:51:31.843Z,
    originalMaxAge: 86400000,
    httpOnly: true,
    secure: false,
    sameSite: 'lax'
  }
}
2:51:32 PM [express] GET /api/portfolio 401 in 1ms :: {"message":"Not authenticated"}
Session ID: nDULxEr1g7TIAMBJTvv2FwRdc4vA1xvp, Session data: Session {
  cookie: {
    path: '/',
    _expires: 2025-10-31T18:51:32.736Z,
    originalMaxAge: 86400000,
    httpOnly: true,
    secure: false,
    sameSite: 'lax'
  }
}
2:51:38 PM [express] GET /api/portfolio 401 in 1ms :: {"message":"Not authenticated"}
Session ID: nDULxEr1g7TIAMBJTvv2FwRdc4vA1xvp, Session data: Session {
  cookie: {
    path: '/',
    _expires: 2025-10-31T18:51:38.781Z,
    originalMaxAge: 86400000,
    httpOnly: true,
    secure: false,
    sameSite: 'lax'
  }
}
2:52:01 PM [express] GET /api/credit-line/details 401 in 1ms :: {"message":"Not authenticated"}
Session ID: nDULxEr1g7TIAMBJTvv2FwRdc4vA1xvp, Session data: Session {
  cookie: {
    path: '/',
    _expires: 2025-10-31T18:52:01.864Z,
    originalMaxAge: 86400000,
    httpOnly: true,
    secure: false,
    sameSite: 'lax'
  }
}
2:52:09 PM [express] GET /api/portfolio 401 in 1ms :: {"message":"Not authenticated"}
Session ID: nDULxEr1g7TIAMBJTvv2FwRdc4vA1xvp, Session data: Session {
  cookie: {
    path: '/',
    _expires: 2025-10-31T18:52:09.827Z,
    originalMaxAge: 86400000,
    httpOnly: true,
    secure: false,
    sameSite: 'lax'
  }
}
2:52:31 PM [express] GET /api/credit-line/details 401 in 1ms :: {"message":"Not authenticated"}
Session ID: nDULxEr1g7TIAMBJTvv2FwRdc4vA1xvp, Session data: Session {
  cookie: {
    path: '/',
    _expires: 2025-10-31T18:52:31.883Z,
    originalMaxAge: 86400000,
    httpOnly: true,
    secure: false,
    sameSite: 'lax'
  }
}
2:52:45 PM [express] GET /api/portfolio 401 in 1ms :: {"message":"Not authenticated"}
Session ID: nDULxEr1g7TIAMBJTvv2FwRdc4vA1xvp, Session data: Session {
  cookie: {
    path: '/',
    _expires: 2025-10-31T18:52:45.887Z,
    originalMaxAge: 86400000,
    httpOnly: true,
    secure: false,
    sameSite: 'lax'
  }
}
2:52:46 PM [express] GET /api/portfolio 401 in 1ms :: {"message":"Not authenticated"}
Session ID: nDULxEr1g7TIAMBJTvv2FwRdc4vA1xvp, Session data: Session {
  cookie: {
    path: '/',
    _expires: 2025-10-31T18:52:46.900Z,
    originalMaxAge: 86400000,
    httpOnly: true,
    secure: false,
    sameSite: 'lax'
  }
}
2:52:48 PM [express] GET /api/portfolio 401 in 0ms :: {"message":"Not authenticated"}
🧹 Rate limiter cleanup: removed 0 expired entries
🧹 Rate limiter cleanup: removed 0 expired entries
🧹 Rate limiter cleanup: removed 0 expired entries
Session ID: nDULxEr1g7TIAMBJTvv2FwRdc4vA1xvp, Session data: Session {
  cookie: {
    path: '/',
    _expires: 2025-10-31T18:52:48.917Z,
    originalMaxAge: 86400000,
    httpOnly: true,
    secure: false,
    sameSite: 'lax'
  }
}
2:53:23 PM [express] GET /api/portfolio 401 in 1ms :: {"message":"Not authenticated"}
Session ID: nDULxEr1g7TIAMBJTvv2FwRdc4vA1xvp, Session data: Session {
  cookie: {
    path: '/',
    _expires: 2025-10-31T18:53:23.989Z,
    originalMaxAge: 86400000,
    httpOnly: true,
    secure: false,
    sameSite: 'lax'
  }
}
2:53:26 PM [express] GET /api/portfolio 401 in 0ms :: {"message":"Not authenticated"}
Session ID: nDULxEr1g7TIAMBJTvv2FwRdc4vA1xvp, Session data: Session {
  cookie: {
    path: '/',
    _expires: 2025-10-31T18:53:26.002Z,
    originalMaxAge: 86400000,
    httpOnly: true,
    secure: false,
    sameSite: 'lax'
  }
}
2:54:00 PM [express] GET /api/portfolio 401 in 0ms :: {"message":"Not authenticated"}
Session ID: nDULxEr1g7TIAMBJTvv2FwRdc4vA1xvp, Session data: Session {
  cookie: {
    path: '/',
    _expires: 2025-10-31T18:54:00.048Z,
    originalMaxAge: 86400000,
    httpOnly: true,
    secure: false,
    sameSite: 'lax'
  }
}
2:54:01 PM [express] GET /api/portfolio 401 in 1ms :: {"message":"Not authenticated"}
Session ID: nDULxEr1g7TIAMBJTvv2FwRdc4vA1xvp, Session data: Session {
  cookie: {
    path: '/',
    _expires: 2025-10-31T18:54:01.065Z,
    originalMaxAge: 86400000,
    httpOnly: true,
    secure: false,
    sameSite: 'lax'
  }
}
2:54:03 PM [express] GET /api/portfolio 401 in 1ms :: {"message":"Not authenticated"}
Session ID: nDULxEr1g7TIAMBJTvv2FwRdc4vA1xvp, Session data: Session {
  cookie: {
    path: '/',
    _expires: 2025-10-31T18:54:03.080Z,
    originalMaxAge: 86400000,
    httpOnly: true,
    secure: false,
    sameSite: 'lax'
  }
}
2:54:37 PM [express] GET /api/portfolio 401 in 0ms :: {"message":"Not authenticated"}
Session ID: nDULxEr1g7TIAMBJTvv2FwRdc4vA1xvp, Session data: Session {
  cookie: {
    path: '/',
    _expires: 2025-10-31T18:54:37.126Z,
    originalMaxAge: 86400000,
    httpOnly: true,
    secure: false,
    sameSite: 'lax'
  }
}
2:54:40 PM [express] GET /api/portfolio 401 in 0ms :: {"message":"Not authenticated"}
Session ID: nDULxEr1g7TIAMBJTvv2FwRdc4vA1xvp, Session data: Session {
  cookie: {
    path: '/',
    _expires: 2025-10-31T18:54:40.153Z,
    originalMaxAge: 86400000,
    httpOnly: true,
    secure: false,
    sameSite: 'lax'
  }
}
2:55:01 PM [express] GET /api/credit-line/details 401 in 0ms :: {"message":"Not authenticated"}
Session ID: nDULxEr1g7TIAMBJTvv2FwRdc4vA1xvp, Session data: Session {
  cookie: {
    path: '/',
    _expires: 2025-10-31T18:55:01.999Z,
    originalMaxAge: 86400000,
    httpOnly: true,
    secure: false,
    sameSite: 'lax'
  }
}
2:55:15 PM [express] GET /api/portfolio 401 in 1ms :: {"message":"Not authenticated"}
Session ID: nDULxEr1g7TIAMBJTvv2FwRdc4vA1xvp, Session data: Session {
  cookie: {
    path: '/',
    _expires: 2025-10-31T18:55:15.224Z,
    originalMaxAge: 86400000,
    httpOnly: true,
    secure: false,
    sameSite: 'lax'
  }
}
2:55:17 PM [express] GET /api/portfolio 401 in 1ms :: {"message":"Not authenticated"}
Session ID: nDULxEr1g7TIAMBJTvv2FwRdc4vA1xvp, Session data: Session {
  cookie: {
    path: '/',
    _expires: 2025-10-31T18:55:17.237Z,
    originalMaxAge: 86400000,
    httpOnly: true,
    secure: false,
    sameSite: 'lax'
  }
}
2:55:21 PM [express] GET /api/portfolio 401 in 1ms :: {"message":"Not authenticated"}
Session ID: nDULxEr1g7TIAMBJTvv2FwRdc4vA1xvp, Session data: Session {
  cookie: {
    path: '/',
    _expires: 2025-10-31T18:55:21.259Z,
    originalMaxAge: 86400000,
    httpOnly: true,
    secure: false,
    sameSite: 'lax'
  }
}
2:55:51 PM [express] GET /api/portfolio 401 in 1ms :: {"message":"Not authenticated"}
Session ID: nDULxEr1g7TIAMBJTvv2FwRdc4vA1xvp, Session data: Session {
  cookie: {
    path: '/',
    _expires: 2025-10-31T18:55:51.283Z,
    originalMaxAge: 86400000,
    httpOnly: true,
    secure: false,
    sameSite: 'lax'
  }
}
2:55:58 PM [express] GET /api/portfolio 401 in 6ms :: {"message":"Not authenticated"}
Session ID: nDULxEr1g7TIAMBJTvv2FwRdc4vA1xvp, Session data: Session {
  cookie: {
    path: '/',
    _expires: 2025-10-31T18:55:58.379Z,
    originalMaxAge: 86400000,
    httpOnly: true,
    secure: false,
    sameSite: 'lax'
  }
}
2:56:29 PM [express] GET /api/portfolio 401 in 2ms :: {"message":"Not authenticated"}
Session ID: nDULxEr1g7TIAMBJTvv2FwRdc4vA1xvp, Session data: Session {
  cookie: {
    path: '/',
    _expires: 2025-10-31T18:56:29.450Z,
    originalMaxAge: 86400000,
    httpOnly: true,
    secure: false,
    sameSite: 'lax'
  }
}
2:56:31 PM [express] GET /api/portfolio 401 in 1ms :: {"message":"Not authenticated"}
Session ID: nDULxEr1g7TIAMBJTvv2FwRdc4vA1xvp, Session data: Session {
  cookie: {
    path: '/',
    _expires: 2025-10-31T18:56:31.470Z,
    originalMaxAge: 86400000,
    httpOnly: true,
    secure: false,
    sameSite: 'lax'
  }
}
2:56:32 PM [express] GET /api/credit-line/details 401 in 1ms :: {"message":"Not authenticated"}
Session ID: nDULxEr1g7TIAMBJTvv2FwRdc4vA1xvp, Session data: Session {
  cookie: {
    path: '/',
    _expires: 2025-10-31T18:56:32.071Z,
    originalMaxAge: 86400000,
    httpOnly: true,
    secure: false,
    sameSite: 'lax'
  }
}
2:56:35 PM [express] GET /api/portfolio 401 in 1ms :: {"message":"Not authenticated"}
Session ID: nDULxEr1g7TIAMBJTvv2FwRdc4vA1xvp, Session data: Session {
  cookie: {
    path: '/',
    _expires: 2025-10-31T18:56:35.494Z,
    originalMaxAge: 86400000,
    httpOnly: true,
    secure: false,
    sameSite: 'lax'
  }
}
2:57:02 PM [express] GET /api/credit-line/details 401 in 1ms :: {"message":"Not authenticated"}
Session ID: nDULxEr1g7TIAMBJTvv2FwRdc4vA1xvp, Session data: Session {
  cookie: {
    path: '/',
    _expires: 2025-10-31T18:57:02.094Z,
    originalMaxAge: 86400000,
    httpOnly: true,
    secure: false,
    sameSite: 'lax'
  }
}
2:57:32 PM [express] GET /api/credit-line/details 401 in 1ms :: {"message":"Not authenticated"}
Session ID: nDULxEr1g7TIAMBJTvv2FwRdc4vA1xvp, Session data: Session {
  cookie: {
    path: '/',
    _expires: 2025-10-31T18:57:32.115Z,
    originalMaxAge: 86400000,
    httpOnly: true,
    secure: false,
    sameSite: 'lax'
  }
}
2:57:42 PM [express] GET /api/portfolio 401 in 1ms :: {"message":"Not authenticated"}
Session ID: nDULxEr1g7TIAMBJTvv2FwRdc4vA1xvp, Session data: Session {
  cookie: {
    path: '/',
    _expires: 2025-10-31T18:57:42.598Z,
    originalMaxAge: 86400000,
    httpOnly: true,
    secure: false,
    sameSite: 'lax'
  }
}
2:57:43 PM [express] GET /api/portfolio 401 in 1ms :: {"message":"Not authenticated"}
Session ID: nDULxEr1g7TIAMBJTvv2FwRdc4vA1xvp, Session data: Session {
  cookie: {
    path: '/',
    _expires: 2025-10-31T18:57:43.614Z,
    originalMaxAge: 86400000,
    httpOnly: true,
    secure: false,
    sameSite: 'lax'
  }
}
2:57:45 PM [express] GET /api/portfolio 401 in 1ms :: {"message":"Not authenticated"}
🧹 Rate limiter cleanup: removed 0 expired entries
🧹 Rate limiter cleanup: removed 0 expired entries
🧹 Rate limiter cleanup: removed 0 expired entries
Session ID: nDULxEr1g7TIAMBJTvv2FwRdc4vA1xvp, Session data: Session {
  cookie: {
    path: '/',
    _expires: 2025-10-31T18:57:45.629Z,
    originalMaxAge: 86400000,
    httpOnly: true,
    secure: false,
    sameSite: 'lax'
  }
}
2:58:32 PM [express] GET /api/credit-line/details 401 in 2ms :: {"message":"Not authenticated"}
Session ID: nDULxEr1g7TIAMBJTvv2FwRdc4vA1xvp, Session data: Session {
  cookie: {
    path: '/',
    _expires: 2025-10-31T18:58:32.170Z,
    originalMaxAge: 86400000,
    httpOnly: true,
    secure: false,
    sameSite: 'lax'
  }
}
2:58:56 PM [express] GET /api/portfolio 401 in 1ms :: {"message":"Not authenticated"}
Session ID: nDULxEr1g7TIAMBJTvv2FwRdc4vA1xvp, Session data: Session {
  cookie: {
    path: '/',
    _expires: 2025-10-31T18:58:56.770Z,
    originalMaxAge: 86399999,
    httpOnly: true,
    secure: false,
    sameSite: 'lax'
  }
}
2:59:02 PM [express] GET /api/credit-line/details 401 in 0ms :: {"message":"Not authenticated"}
Session ID: nDULxEr1g7TIAMBJTvv2FwRdc4vA1xvp, Session data: Session {
  cookie: {
    path: '/',
    _expires: 2025-10-31T18:59:02.183Z,
    originalMaxAge: 86399999,
    httpOnly: true,
    secure: false,
    sameSite: 'lax'
  }
}
2:59:03 PM [express] GET /api/portfolio 401 in 0ms :: {"message":"Not authenticated"}
Session ID: nDULxEr1g7TIAMBJTvv2FwRdc4vA1xvp, Session data: Session {
  cookie: {
    path: '/',
    _expires: 2025-10-31T18:59:03.826Z,
    originalMaxAge: 86399999,
    httpOnly: true,
    secure: false,
    sameSite: 'lax'
  }
}
2:59:32 PM [express] GET /api/credit-line/details 401 in 0ms :: {"message":"Not authenticated"}
Session ID: nDULxEr1g7TIAMBJTvv2FwRdc4vA1xvp, Session data: Session {
  cookie: {
    path: '/',
    _expires: 2025-10-31T18:59:32.206Z,
    originalMaxAge: 86399999,
    httpOnly: true,
    secure: false,
    sameSite: 'lax'
  }
}
2:59:36 PM [express] GET /api/portfolio 401 in 1ms :: {"message":"Not authenticated"}
Session ID: nDULxEr1g7TIAMBJTvv2FwRdc4vA1xvp, Session data: Session {
  cookie: {
    path: '/',
    _expires: 2025-10-31T18:59:36.887Z,
    originalMaxAge: 86399999,
    httpOnly: true,
    secure: false,
    sameSite: 'lax'
  }
}
2:59:40 PM [express] GET /api/portfolio 401 in 1ms :: {"message":"Not authenticated"}
Session ID: nDULxEr1g7TIAMBJTvv2FwRdc4vA1xvp, Session data: Session {
  cookie: {
    path: '/',
    _expires: 2025-10-31T18:59:40.910Z,
    originalMaxAge: 86399999,
    httpOnly: true,
    secure: false,
    sameSite: 'lax'
  }
}
3:00:10 PM [express] GET /api/portfolio 401 in 1ms :: {"message":"Not authenticated"}
🧹 Rate limiter cleanup: removed 0 expired entries
🧹 Rate limiter cleanup: removed 0 expired entries
🧹 Rate limiter cleanup: removed 0 expired entries
Session ID: nDULxEr1g7TIAMBJTvv2FwRdc4vA1xvp, Session data: Session {
  cookie: {
    path: '/',
    _expires: 2025-10-31T19:00:10.932Z,
    originalMaxAge: 86399999,
    httpOnly: true,
    secure: false,
    sameSite: 'lax'
  }
}
3:08:14 PM [express] GET /api/portfolio 401 in 1ms :: {"message":"Not authenticated"}
Session ID: nDULxEr1g7TIAMBJTvv2FwRdc4vA1xvp, Session data: Session {
  cookie: {
    path: '/',
    _expires: 2025-10-31T19:08:14.947Z,
    originalMaxAge: 86399999,
    httpOnly: true,
    secure: false,
    sameSite: 'lax'
  }
}
3:08:20 PM [express] GET /api/portfolio 401 in 1ms :: {"message":"Not authenticated"}
Session ID: iOfQkG3iixMlN1zekU02QJ6GW3PTP15V, Session data: Session {
  cookie: {
    path: '/',
    _expires: 2025-10-31T19:08:41.225Z,
    originalMaxAge: 86400000,
    httpOnly: true,
    secure: false,
    sameSite: 'lax'
  }
}
3:08:41 PM [express] GET /api/revolving-credit/account 404 in 1ms :: {"message":"API endpoint not fo…
Session ID: nDULxEr1g7TIAMBJTvv2FwRdc4vA1xvp, Session data: Session {
  cookie: {
    path: '/',
    _expires: 2025-10-31T19:08:20.984Z,
    originalMaxAge: 86399999,
    httpOnly: true,
    secure: false,
    sameSite: 'lax'
  }
}
3:08:51 PM [express] GET /api/portfolio 401 in 1ms :: {"message":"Not authenticated"}
Session ID: nDULxEr1g7TIAMBJTvv2FwRdc4vA1xvp, Session data: Session {
  cookie: {
    path: '/',
    _expires: 2025-10-31T19:08:51.007Z,
    originalMaxAge: 86399999,
    httpOnly: true,
    secure: false,
    sameSite: 'lax'
  }
}
3:08:52 PM [express] GET /api/portfolio 401 in 1ms :: {"message":"Not authenticated"}
Session ID: nDULxEr1g7TIAMBJTvv2FwRdc4vA1xvp, Session data: Session {
  cookie: {
    path: '/',
    _expires: 2025-10-31T19:08:52.020Z,
    originalMaxAge: 86399999,
    httpOnly: true,
    secure: false,
    sameSite: 'lax'
  }
}
3:08:54 PM [express] GET /api/portfolio 401 in 1ms :: {"message":"Not authenticated"}
Session ID: nDULxEr1g7TIAMBJTvv2FwRdc4vA1xvp, Session data: Session {
  cookie: {
    path: '/',
    _expires: 2025-10-31T19:08:54.034Z,
    originalMaxAge: 86399999,
    httpOnly: true,
    secure: false,
    sameSite: 'lax'
  }
}
3:09:13 PM [express] GET /api/credit-line/details 401 in 1ms :: {"message":"Not authenticated"}
Session ID: nDULxEr1g7TIAMBJTvv2FwRdc4vA1xvp, Session data: Session {
  cookie: {
    path: '/',
    _expires: 2025-10-31T19:09:13.974Z,
    originalMaxAge: 86399999,
    httpOnly: true,
    secure: false,
    sameSite: 'lax'
  }
}
3:09:28 PM [express] GET /api/portfolio 401 in 1ms :: {"message":"Not authenticated"}
Session ID: nDULxEr1g7TIAMBJTvv2FwRdc4vA1xvp, Session data: Session {
  cookie: {
    path: '/',
    _expires: 2025-10-31T19:09:28.087Z,
    originalMaxAge: 86399999,
    httpOnly: true,
    secure: false,
    sameSite: 'lax'
  }
}
3:09:31 PM [express] GET /api/portfolio 401 in 0ms :: {"message":"Not authenticated"}
Session ID: nDULxEr1g7TIAMBJTvv2FwRdc4vA1xvp, Session data: Session {
  cookie: {
    path: '/',
    _expires: 2025-10-31T19:09:31.124Z,
    originalMaxAge: 86399999,
    httpOnly: true,
    secure: false,
    sameSite: 'lax'
  }
}
3:10:05 PM [express] GET /api/portfolio 401 in 0ms :: {"message":"Not authenticated"}
Session ID: nDULxEr1g7TIAMBJTvv2FwRdc4vA1xvp, Session data: Session {
  cookie: {
    path: '/',
    _expires: 2025-10-31T19:10:05.167Z,
    originalMaxAge: 86399999,
    httpOnly: true,
    secure: false,
    sameSite: 'lax'
  }
}
3:10:06 PM [express] GET /api/portfolio 401 in 2ms :: {"message":"Not authenticated"}
Session ID: nDULxEr1g7TIAMBJTvv2FwRdc4vA1xvp, Session data: Session {
  cookie: {
    path: '/',
    _expires: 2025-10-31T19:10:06.178Z,
    originalMaxAge: 86399999,
    httpOnly: true,
    secure: false,
    sameSite: 'lax'
  }
}
3:10:08 PM [express] GET /api/portfolio 401 in 1ms :: {"message":"Not authenticated"}
Session ID: nDULxEr1g7TIAMBJTvv2FwRdc4vA1xvp, Session data: Session {
  cookie: {
    path: '/',
    _expires: 2025-10-31T19:10:08.191Z,
    originalMaxAge: 86399999,
    httpOnly: true,
    secure: false,
    sameSite: 'lax'
  }
}
3:10:12 PM [express] GET /api/portfolio 401 in 1ms :: {"message":"Not authenticated"}
Session ID: _4GrkYOoxwPLxc1cMNSsrVwtzMoAvFJg, Session data: Session {
  cookie: {
    path: '/',
    _expires: 2025-10-31T19:10:26.095Z,
    originalMaxAge: 86400000,
    httpOnly: true,
    secure: false,
    sameSite: 'lax'
  }
}
3:10:26 PM [express] POST /api/auth/login 200 in 238ms :: {"success":true,"message":"Login successfu…
Session ID: _4GrkYOoxwPLxc1cMNSsrVwtzMoAvFJg, Session data: Session {
  cookie: {
    path: '/',
    _expires: 2025-10-31T19:10:26.095Z,
    originalMaxAge: 86400000,
    httpOnly: true,
    secure: false,
    sameSite: 'lax'
  },
  userId: 1
}
3:10:26 PM [express] GET /api/revolving-credit/account 404 in 1ms :: {"message":"API endpoint not fo…
Session ID: nDULxEr1g7TIAMBJTvv2FwRdc4vA1xvp, Session data: Session {
  cookie: {
    path: '/',
    _expires: 2025-10-31T19:10:12.212Z,
    originalMaxAge: 86399999,
    httpOnly: true,
    secure: false,
    sameSite: 'lax'
  }
}
3:10:43 PM [express] GET /api/portfolio 401 in 0ms :: {"message":"Not authenticated"}
Session ID: nDULxEr1g7TIAMBJTvv2FwRdc4vA1xvp, Session data: Session {
  cookie: {
    path: '/',
    _expires: 2025-10-31T19:10:43.251Z,
    originalMaxAge: 86399999,
    httpOnly: true,
    secure: false,
    sameSite: 'lax'
  }
}
3:10:44 PM [express] GET /api/credit-line/details 401 in 0ms :: {"message":"Not authenticated"}
Session ID: nDULxEr1g7TIAMBJTvv2FwRdc4vA1xvp, Session data: Session {
  cookie: {
    path: '/',
    _expires: 2025-10-31T19:10:44.032Z,
    originalMaxAge: 86399999,
    httpOnly: true,
    secure: false,
    sameSite: 'lax'
  }
}
3:10:49 PM [express] GET /api/portfolio 401 in 1ms :: {"message":"Not authenticated"}
Session ID: nDULxEr1g7TIAMBJTvv2FwRdc4vA1xvp, Session data: Session {
  cookie: {
    path: '/',
    _expires: 2025-10-31T19:10:49.284Z,
    originalMaxAge: 86399999,
    httpOnly: true,
    secure: false,
    sameSite: 'lax'
  }
}
3:11:26 PM [express] GET /api/portfolio 401 in 1ms :: {"message":"Not authenticated"}
Session ID: nDULxEr1g7TIAMBJTvv2FwRdc4vA1xvp, Session data: Session {
  cookie: {
    path: '/',
    _expires: 2025-10-31T19:11:26.359Z,
    originalMaxAge: 86399999,
    httpOnly: true,
    secure: false,
    sameSite: 'lax'
  }
}
3:11:56 PM [express] GET /api/portfolio 401 in 1ms :: {"message":"Not authenticated"}
Session ID: nDULxEr1g7TIAMBJTvv2FwRdc4vA1xvp, Session data: Session {
  cookie: {
    path: '/',
    _expires: 2025-10-31T19:11:56.382Z,
    originalMaxAge: 86399999,
    httpOnly: true,
    secure: false,
    sameSite: 'lax'
  }
}
3:11:59 PM [express] GET /api/portfolio 401 in 0ms :: {"message":"Not authenticated"}
Session ID: nDULxEr1g7TIAMBJTvv2FwRdc4vA1xvp, Session data: Session {
  cookie: {
    path: '/',
    _expires: 2025-10-31T19:11:59.420Z,
    originalMaxAge: 86399999,
    httpOnly: true,
    secure: false,
    sameSite: 'lax'
  }
}
3:12:34 PM [express] GET /api/portfolio 401 in 1ms :: {"message":"Not authenticated"}
Session ID: nDULxEr1g7TIAMBJTvv2FwRdc4vA1xvp, Session data: Session {
  cookie: {
    path: '/',
    _expires: 2025-10-31T19:12:34.489Z,
    originalMaxAge: 86399999,
    httpOnly: true,
    secure: false,
    sameSite: 'lax'
  }
}
3:12:36 PM [express] GET /api/portfolio 401 in 1ms :: {"message":"Not authenticated"}
Session ID: nDULxEr1g7TIAMBJTvv2FwRdc4vA1xvp, Session data: Session {
  cookie: {
    path: '/',
    _expires: 2025-10-31T19:12:36.501Z,
    originalMaxAge: 86399999,
    httpOnly: true,
    secure: false,
    sameSite: 'lax'
  }
}
3:13:10 PM [express] GET /api/portfolio 401 in 1ms :: {"message":"Not authenticated"}
Session ID: nDULxEr1g7TIAMBJTvv2FwRdc4vA1xvp, Session data: Session {
  cookie: {
    path: '/',
    _expires: 2025-10-31T19:13:10.546Z,
    originalMaxAge: 86399999,
    httpOnly: true,
    secure: false,
    sameSite: 'lax'
  }
}
3:13:13 PM [express] GET /api/portfolio 401 in 1ms :: {"message":"Not authenticated"}
🧹 Rate limiter cleanup: removed 0 expired entries
🧹 Rate limiter cleanup: removed 0 expired entries
🧹 Rate limiter cleanup: removed 0 expired entries
Session ID: nDULxEr1g7TIAMBJTvv2FwRdc4vA1xvp, Session data: Session {
  cookie: {
    path: '/',
    _expires: 2025-10-31T19:13:13.580Z,
    originalMaxAge: 86399999,
    httpOnly: true,
    secure: false,
    sameSite: 'lax'
  }
}
3:13:14 PM [express] GET /api/credit-line/details 401 in 1ms :: {"message":"Not authenticated"}
Session ID: nDULxEr1g7TIAMBJTvv2FwRdc4vA1xvp, Session data: Session {
  cookie: {
    path: '/',
    _expires: 2025-10-31T19:13:14.155Z,
    originalMaxAge: 86399999,
    httpOnly: true,
    secure: false,
    sameSite: 'lax'
  }
}
3:13:48 PM [express] GET /api/portfolio 401 in 1ms :: {"message":"Not authenticated"}
Session ID: nDULxEr1g7TIAMBJTvv2FwRdc4vA1xvp, Session data: Session {
  cookie: {
    path: '/',
    _expires: 2025-10-31T19:13:48.630Z,
    originalMaxAge: 86399999,
    httpOnly: true,
    secure: false,
    sameSite: 'lax'
  }
}
3:13:50 PM [express] GET /api/portfolio 401 in 0ms :: {"message":"Not authenticated"}
Session ID: vdTP7e-RPdmGYJ-fdAYWB_Ad4p-HcOm9, Session data: Session {
  cookie: {
    path: '/',
    _expires: 2025-10-31T19:14:11.194Z,
    originalMaxAge: 86400000,
    httpOnly: true,
    secure: false,
    sameSite: 'lax'
  }
}
3:14:11 PM [express] POST /api/auth/login 200 in 238ms :: {"success":true,"message":"Login successfu…
Session ID: nDULxEr1g7TIAMBJTvv2FwRdc4vA1xvp, Session data: Session {
  cookie: {
    path: '/',
    _expires: 2025-10-31T19:13:50.642Z,
    originalMaxAge: 86399999,
    httpOnly: true,
    secure: false,
    sameSite: 'lax'
  }
}
3:14:24 PM [express] GET /api/portfolio 401 in 1ms :: {"message":"Not authenticated"}
Session ID: nDULxEr1g7TIAMBJTvv2FwRdc4vA1xvp, Session data: Session {
  cookie: {
    path: '/',
    _expires: 2025-10-31T19:14:24.684Z,
    originalMaxAge: 86399999,
    httpOnly: true,
    secure: false,
    sameSite: 'lax'
  }
}
3:14:27 PM [express] GET /api/portfolio 401 in 1ms :: {"message":"Not authenticated"}
Session ID: nDULxEr1g7TIAMBJTvv2FwRdc4vA1xvp, Session data: Session {
  cookie: {
    path: '/',
    _expires: 2025-10-31T19:14:27.739Z,
    originalMaxAge: 86399999,
    httpOnly: true,
    secure: false,
    sameSite: 'lax'
  }
}
3:14:31 PM [express] GET /api/portfolio 401 in 0ms :: {"message":"Not authenticated"}
Session ID: nDULxEr1g7TIAMBJTvv2FwRdc4vA1xvp, Session data: Session {
  cookie: {
    path: '/',
    _expires: 2025-10-31T19:14:31.766Z,
    originalMaxAge: 86399999,
    httpOnly: true,
    secure: false,
    sameSite: 'lax'
  }
}
3:14:44 PM [express] GET /api/credit-line/details 401 in 0ms :: {"message":"Not authenticated"}
Session ID: nDULxEr1g7TIAMBJTvv2FwRdc4vA1xvp, Session data: Session {
  cookie: {
    path: '/',
    _expires: 2025-10-31T19:14:44.237Z,
    originalMaxAge: 86399999,
    httpOnly: true,
    secure: false,
    sameSite: 'lax'
  }
}
3:15:01 PM [express] GET /api/portfolio 401 in 1ms :: {"message":"Not authenticated"}
Session ID: nDULxEr1g7TIAMBJTvv2FwRdc4vA1xvp, Session data: Session {
  cookie: {
    path: '/',
    _expires: 2025-10-31T19:15:01.789Z,
    originalMaxAge: 86399999,
    httpOnly: true,
    secure: false,
    sameSite: 'lax'
  }
}
3:15:04 PM [express] GET /api/portfolio 401 in 1ms :: {"message":"Not authenticated"}
Session ID: nDULxEr1g7TIAMBJTvv2FwRdc4vA1xvp, Session data: Session {
  cookie: {
    path: '/',
    _expires: 2025-10-31T19:15:04.828Z,
    originalMaxAge: 86399999,
    httpOnly: true,
    secure: false,
    sameSite: 'lax'
  }
}
3:15:08 PM [express] GET /api/portfolio 401 in 1ms :: {"message":"Not authenticated"}
Session ID: nDULxEr1g7TIAMBJTvv2FwRdc4vA1xvp, Session data: Session {
  cookie: {
    path: '/',
    _expires: 2025-10-31T19:15:08.849Z,
    originalMaxAge: 86399999,
    httpOnly: true,
    secure: false,
    sameSite: 'lax'
  }
}
3:15:38 PM [express] GET /api/portfolio 401 in 0ms :: {"message":"Not authenticated"}
Session ID: nDULxEr1g7TIAMBJTvv2FwRdc4vA1xvp, Session data: Session {
  cookie: {
    path: '/',
    _expires: 2025-10-31T19:15:38.871Z,
    originalMaxAge: 86399999,
    httpOnly: true,
    secure: false,
    sameSite: 'lax'
  }
}
3:15:41 PM [express] GET /api/portfolio 401 in 2ms :: {"message":"Not authenticated"}
Session ID: nDULxEr1g7TIAMBJTvv2FwRdc4vA1xvp, Session data: Session {
  cookie: {
    path: '/',
    _expires: 2025-10-31T19:15:41.901Z,
    originalMaxAge: 86399999,
    httpOnly: true,
    secure: false,
    sameSite: 'lax'
  }
}
3:15:44 PM [express] GET /api/credit-line/details 401 in 1ms :: {"message":"Not authenticated"}
Session ID: 2owNfrYuYFeqvCH8Wy-BKczgSJLLuKiL, Session data: Session {
  cookie: {
    path: '/',
    _expires: 2025-10-31T19:15:45.234Z,
    originalMaxAge: 86400000,
    httpOnly: true,
    secure: false,
    sameSite: 'lax'
  }
}
3:15:45 PM [express] GET /api/revolving-credit/account 404 in 1ms :: {"message":"API endpoint not fo…
Session ID: nDULxEr1g7TIAMBJTvv2FwRdc4vA1xvp, Session data: Session {
  cookie: {
    path: '/',
    _expires: 2025-10-31T19:15:44.281Z,
    originalMaxAge: 86399999,
    httpOnly: true,
    secure: false,
    sameSite: 'lax'
  }
}
3:15:45 PM [express] GET /api/portfolio 401 in 1ms :: {"message":"Not authenticated"}
Session ID: nDULxEr1g7TIAMBJTvv2FwRdc4vA1xvp, Session data: Session {
  cookie: {
    path: '/',
    _expires: 2025-10-31T19:15:45.915Z,
    originalMaxAge: 86399999,
    httpOnly: true,
    secure: false,
    sameSite: 'lax'
  }
}
3:16:14 PM [express] GET /api/credit-line/details 401 in 0ms :: {"message":"Not authenticated"}
Session ID: nDULxEr1g7TIAMBJTvv2FwRdc4vA1xvp, Session data: Session {
  cookie: {
    path: '/',
    _expires: 2025-10-31T19:16:14.304Z,
    originalMaxAge: 86399999,
    httpOnly: true,
    secure: false,
    sameSite: 'lax'
  }
}
3:16:15 PM [express] GET /api/portfolio 401 in 0ms :: {"message":"Not authenticated"}
Session ID: nDULxEr1g7TIAMBJTvv2FwRdc4vA1xvp, Session data: Session {
  cookie: {
    path: '/',
    _expires: 2025-10-31T19:16:15.931Z,
    originalMaxAge: 86399999,
    httpOnly: true,
    secure: false,
    sameSite: 'lax'
  }
}
3:16:16 PM [express] GET /api/portfolio 401 in 1ms :: {"message":"Not authenticated"}
Session ID: nDULxEr1g7TIAMBJTvv2FwRdc4vA1xvp, Session data: Session {
  cookie: {
    path: '/',
    _expires: 2025-10-31T19:16:16.945Z,
    originalMaxAge: 86399999,
    httpOnly: true,
    secure: false,
    sameSite: 'lax'
  }
}
3:16:18 PM [express] GET /api/portfolio 401 in 1ms :: {"message":"Not authenticated"}
Session ID: nDULxEr1g7TIAMBJTvv2FwRdc4vA1xvp, Session data: Session {
  cookie: {
    path: '/',
    _expires: 2025-10-31T19:16:18.958Z,
    originalMaxAge: 86399999,
    httpOnly: true,
    secure: false,
    sameSite: 'lax'
  }
}
3:16:44 PM [express] GET /api/credit-line/details 401 in 1ms :: {"message":"Not authenticated"}
Session ID: nDULxEr1g7TIAMBJTvv2FwRdc4vA1xvp, Session data: Session {
  cookie: {
    path: '/',
    _expires: 2025-10-31T19:16:44.324Z,
    originalMaxAge: 86399999,
    httpOnly: true,
    secure: false,
    sameSite: 'lax'
  }
}
3:16:54 PM [express] GET /api/portfolio 401 in 2ms :: {"message":"Not authenticated"}
Session ID: nDULxEr1g7TIAMBJTvv2FwRdc4vA1xvp, Session data: Session {
  cookie: {
    path: '/',
    _expires: 2025-10-31T19:16:54.033Z,
    originalMaxAge: 86399999,
    httpOnly: true,
    secure: false,
    sameSite: 'lax'
  }
}
3:17:00 PM [express] GET /api/portfolio 401 in 1ms :: {"message":"Not authenticated"}
Session ID: nDULxEr1g7TIAMBJTvv2FwRdc4vA1xvp, Session data: Session {
  cookie: {
    path: '/',
    _expires: 2025-10-31T19:17:00.071Z,
    originalMaxAge: 86399999,
    httpOnly: true,
    secure: false,
    sameSite: 'lax'
  }
}
3:17:14 PM [express] GET /api/credit-line/details 401 in 0ms :: {"message":"Not authenticated"}
Session ID: nDULxEr1g7TIAMBJTvv2FwRdc4vA1xvp, Session data: Session {
  cookie: {
    path: '/',
    _expires: 2025-10-31T19:17:14.345Z,
    originalMaxAge: 86399999,
    httpOnly: true,
    secure: false,
    sameSite: 'lax'
  }
}
3:17:30 PM [express] GET /api/portfolio 401 in 1ms :: {"message":"Not authenticated"}
Session ID: nDULxEr1g7TIAMBJTvv2FwRdc4vA1xvp, Session data: Session {
  cookie: {
    path: '/',
    _expires: 2025-10-31T19:17:30.098Z,
    originalMaxAge: 86399999,
    httpOnly: true,
    secure: false,
    sameSite: 'lax'
  }
}
3:17:31 PM [express] GET /api/portfolio 401 in 0ms :: {"message":"Not authenticated"}
Session ID: nDULxEr1g7TIAMBJTvv2FwRdc4vA1xvp, Session data: Session {
  cookie: {
    path: '/',
    _expires: 2025-10-31T19:17:31.111Z,
    originalMaxAge: 86399999,
    httpOnly: true,
    secure: false,
    sameSite: 'lax'
  }
}
3:17:33 PM [express] GET /api/portfolio 401 in 1ms :: {"message":"Not authenticated"}
Session ID: ayiTBn6R5oddfv3TQNqwaE_tcNX0O56y, Session data: Session {
  cookie: {
    path: '/',
    _expires: 2025-10-31T19:17:55.597Z,
    originalMaxAge: 86400000,
    httpOnly: true,
    secure: false,
    sameSite: 'lax'
  }
}
3:17:55 PM [express] GET /api/revolving-credit/account 404 in 1ms :: {"message":"API endpoint not fo…
Session ID: nDULxEr1g7TIAMBJTvv2FwRdc4vA1xvp, Session data: Session {
  cookie: {
    path: '/',
    _expires: 2025-10-31T19:17:33.124Z,
    originalMaxAge: 86399999,
    httpOnly: true,
    secure: false,
    sameSite: 'lax'
  }
}
3:18:07 PM [express] GET /api/portfolio 401 in 1ms :: {"message":"Not authenticated"}
Session ID: nDULxEr1g7TIAMBJTvv2FwRdc4vA1xvp, Session data: Session {
  cookie: {
    path: '/',
    _expires: 2025-10-31T19:18:07.189Z,
    originalMaxAge: 86399999,
    httpOnly: true,
    secure: false,
    sameSite: 'lax'
  }
}
3:18:08 PM [express] GET /api/portfolio 401 in 1ms :: {"message":"Not authenticated"}
Session ID: nDULxEr1g7TIAMBJTvv2FwRdc4vA1xvp, Session data: Session {
  cookie: {
    path: '/',
    _expires: 2025-10-31T19:18:08.204Z,
    originalMaxAge: 86399999,
    httpOnly: true,
    secure: false,
    sameSite: 'lax'
  }
}
3:18:10 PM [express] GET /api/portfolio 401 in 2ms :: {"message":"Not authenticated"}
🧹 Rate limiter cleanup: removed 0 expired entries
🧹 Rate limiter cleanup: removed 0 expired entries
🧹 Rate limiter cleanup: removed 0 expired entries
Session ID: nDULxEr1g7TIAMBJTvv2FwRdc4vA1xvp, Session data: Session {
  cookie: {
    path: '/',
    _expires: 2025-10-31T19:18:10.218Z,
    originalMaxAge: 86399999,
    httpOnly: true,
    secure: false,
    sameSite: 'lax'
  }
}
3:18:14 PM [express] GET /api/credit-line/details 401 in 1ms :: {"message":"Not authenticated"}
Session ID: nDULxEr1g7TIAMBJTvv2FwRdc4vA1xvp, Session data: Session {
  cookie: {
    path: '/',
    _expires: 2025-10-31T19:18:14.384Z,
    originalMaxAge: 86399999,
    httpOnly: true,
    secure: false,
    sameSite: 'lax'
  }
}
3:18:45 PM [express] GET /api/portfolio 401 in 0ms :: {"message":"Not authenticated"}
Session ID: nDULxEr1g7TIAMBJTvv2FwRdc4vA1xvp, Session data: Session {
  cookie: {
    path: '/',
    _expires: 2025-10-31T19:18:45.295Z,
    originalMaxAge: 86399999,
    httpOnly: true,
    secure: false,
    sameSite: 'lax'
  }
}
3:18:51 PM [express] GET /api/portfolio 401 in 0ms :: {"message":"Not authenticated"}
Session ID: P20wN-614TqMGYaQVdxvU1_E9UfDQEFq, Session data: Session {
  cookie: {
    path: '/',
    _expires: 2025-10-31T19:19:11.896Z,
    originalMaxAge: 86400000,
    httpOnly: true,
    secure: false,
    sameSite: 'lax'
  }
}
3:19:11 PM [express] GET /api/revolving-credit/test 404 in 0ms :: {"message":"API endpoint not found…
Session ID: W4MM8oVEzZdMsUab_iaiD2sxl4CLlbV4, Session data: Session {
  cookie: {
    path: '/',
    _expires: 2025-10-31T19:19:11.904Z,
    originalMaxAge: 86400000,
    httpOnly: true,
    secure: false,
    sameSite: 'lax'
  }
}
3:19:11 PM [express] GET /api/revolving-credit/account 404 in 1ms :: {"message":"API endpoint not fo…
Session ID: SnmMrko7REjXrklxnLlc7eLwmcbMoqPR, Session data: Session {
  cookie: {
    path: '/',
    _expires: 2025-10-31T19:19:11.911Z,
    originalMaxAge: 86400000,
    httpOnly: true,
    secure: false,
    sameSite: 'lax'
  }
}
3:19:11 PM [express] GET /api/revolving-credit/eligible-receipts 404 in 0ms :: {"message":"API endpo…
Session ID: nDULxEr1g7TIAMBJTvv2FwRdc4vA1xvp, Session data: Session {
  cookie: {
    path: '/',
    _expires: 2025-10-31T19:18:51.332Z,
    originalMaxAge: 86399999,
    httpOnly: true,
    secure: false,
    sameSite: 'lax'
  }
}
3:19:14 PM [express] GET /api/credit-line/details 401 in 0ms :: {"message":"Not authenticated"}
Session ID: nDULxEr1g7TIAMBJTvv2FwRdc4vA1xvp, Session data: Session {
  cookie: {
    path: '/',
    _expires: 2025-10-31T19:19:14.419Z,
    originalMaxAge: 86399999,
    httpOnly: true,
    secure: false,
    sameSite: 'lax'
  }
}
3:19:22 PM [express] GET /api/portfolio 401 in 0ms :: {"message":"Not authenticated"}
Session ID: nDULxEr1g7TIAMBJTvv2FwRdc4vA1xvp, Session data: Session {
  cookie: {
    path: '/',
    _expires: 2025-10-31T19:19:22.377Z,
    originalMaxAge: 86399999,
    httpOnly: true,
    secure: false,
    sameSite: 'lax'
  }
}
3:19:44 PM [express] GET /api/credit-line/details 401 in 1ms :: {"message":"Not authenticated"}
Session ID: nDULxEr1g7TIAMBJTvv2FwRdc4vA1xvp, Session data: Session {
  cookie: {
    path: '/',
    _expires: 2025-10-31T19:19:44.440Z,
    originalMaxAge: 86399999,
    httpOnly: true,
    secure: false,
    sameSite: 'lax'
  }
}
3:19:59 PM [express] GET /api/portfolio 401 in 1ms :: {"message":"Not authenticated"}
Session ID: nDULxEr1g7TIAMBJTvv2FwRdc4vA1xvp, Session data: Session {
  cookie: {
    path: '/',
    _expires: 2025-10-31T19:19:59.458Z,
    originalMaxAge: 86399999,
    httpOnly: true,
    secure: false,
    sameSite: 'lax'
  }
}
3:20:35 PM [express] GET /api/portfolio 401 in 0ms :: {"message":"Not authenticated"}
Session ID: nDULxEr1g7TIAMBJTvv2FwRdc4vA1xvp, Session data: Session {
  cookie: {
    path: '/',
    _expires: 2025-10-31T19:20:35.517Z,
    originalMaxAge: 86399999,
    httpOnly: true,
    secure: false,
    sameSite: 'lax'
  }
}
3:20:36 PM [express] GET /api/portfolio 401 in 1ms :: {"message":"Not authenticated"}
Session ID: nDULxEr1g7TIAMBJTvv2FwRdc4vA1xvp, Session data: Session {
  cookie: {
    path: '/',
    _expires: 2025-10-31T19:20:36.530Z,
    originalMaxAge: 86399999,
    httpOnly: true,
    secure: false,
    sameSite: 'lax'
  }
}
3:20:42 PM [express] GET /api/portfolio 401 in 1ms :: {"message":"Not authenticated"}
Session ID: nDULxEr1g7TIAMBJTvv2FwRdc4vA1xvp, Session data: Session {
  cookie: {
    path: '/',
    _expires: 2025-10-31T19:20:42.574Z,
    originalMaxAge: 86399999,
    httpOnly: true,
    secure: false,
    sameSite: 'lax'
  }
}
3:20:44 PM [express] GET /api/credit-line/details 401 in 1ms :: {"message":"Not authenticated"}
Session ID: nDULxEr1g7TIAMBJTvv2FwRdc4vA1xvp, Session data: Session {
  cookie: {
    path: '/',
    _expires: 2025-10-31T19:20:44.476Z,
    originalMaxAge: 86399999,
    httpOnly: true,
    secure: false,
    sameSite: 'lax'
  }
}
3:21:13 PM [express] GET /api/portfolio 401 in 1ms :: {"message":"Not authenticated"}
Session ID: nDULxEr1g7TIAMBJTvv2FwRdc4vA1xvp, Session data: Session {
  cookie: {
    path: '/',
    _expires: 2025-10-31T19:21:13.619Z,
    originalMaxAge: 86399999,
    httpOnly: true,
    secure: false,
    sameSite: 'lax'
  }
}
3:21:19 PM [express] GET /api/portfolio 401 in 1ms :: {"message":"Not authenticated"}
Session ID: nDULxEr1g7TIAMBJTvv2FwRdc4vA1xvp, Session data: Session {
  cookie: {
    path: '/',
    _expires: 2025-10-31T19:21:19.653Z,
    originalMaxAge: 86399999,
    httpOnly: true,
    secure: false,
    sameSite: 'lax'
  }
}
3:21:56 PM [express] GET /api/portfolio 401 in 0ms :: {"message":"Not authenticated"}
Session ID: nDULxEr1g7TIAMBJTvv2FwRdc4vA1xvp, Session data: Session {
  cookie: {
    path: '/',
    _expires: 2025-10-31T19:21:56.728Z,
    originalMaxAge: 86399999,
    httpOnly: true,
    secure: false,
    sameSite: 'lax'
  }
}
3:22:14 PM [express] GET /api/credit-line/details 401 in 2ms :: {"message":"Not authenticated"}
Session ID: nDULxEr1g7TIAMBJTvv2FwRdc4vA1xvp, Session data: Session {
  cookie: {
    path: '/',
    _expires: 2025-10-31T19:22:14.544Z,
    originalMaxAge: 86399999,
    httpOnly: true,
    secure: false,
    sameSite: 'lax'
  }
}
3:22:27 PM [express] GET /api/portfolio 401 in 0ms :: {"message":"Not authenticated"}
Session ID: nDULxEr1g7TIAMBJTvv2FwRdc4vA1xvp, Session data: Session {
  cookie: {
    path: '/',
    _expires: 2025-10-31T19:22:27.774Z,
    originalMaxAge: 86399999,
    httpOnly: true,
    secure: false,
    sameSite: 'lax'
  }
}
3:22:29 PM [express] GET /api/portfolio 401 in 1ms :: {"message":"Not authenticated"}
Session ID: nDULxEr1g7TIAMBJTvv2FwRdc4vA1xvp, Session data: Session {
  cookie: {
    path: '/',
    _expires: 2025-10-31T19:22:29.788Z,
    originalMaxAge: 86399999,
    httpOnly: true,
    secure: false,
    sameSite: 'lax'
  }
}
3:22:33 PM [express] GET /api/portfolio 401 in 0ms :: {"message":"Not authenticated"}
Session ID: nDULxEr1g7TIAMBJTvv2FwRdc4vA1xvp, Session data: Session {
  cookie: {
    path: '/',
    _expires: 2025-10-31T19:22:33.809Z,
    originalMaxAge: 86399999,
    httpOnly: true,
    secure: false,
    sameSite: 'lax'
  }
}
3:22:44 PM [express] GET /api/credit-line/details 401 in 1ms :: {"message":"Not authenticated"}
Session ID: nDULxEr1g7TIAMBJTvv2FwRdc4vA1xvp, Session data: Session {
  cookie: {
    path: '/',
    _expires: 2025-10-31T19:22:44.565Z,
    originalMaxAge: 86399999,
    httpOnly: true,
    secure: false,
    sameSite: 'lax'
  }
}
3:23:10 PM [express] GET /api/portfolio 401 in 1ms :: {"message":"Not authenticated"}
🧹 Rate limiter cleanup: removed 0 expired entries
🧹 Rate limiter cleanup: removed 0 expired entries
🧹 Rate limiter cleanup: removed 0 expired entries
Session ID: nDULxEr1g7TIAMBJTvv2FwRdc4vA1xvp, Session data: Session {
  cookie: {
    path: '/',
    _expires: 2025-10-31T19:23:10.894Z,
    originalMaxAge: 86399999,
    httpOnly: true,
    secure: false,
    sameSite: 'lax'
  }
}
3:23:14 PM [express] GET /api/credit-line/details 401 in 5ms :: {"message":"Not authenticated"}
Session ID: nDULxEr1g7TIAMBJTvv2FwRdc4vA1xvp, Session data: Session {
  cookie: {
    path: '/',
    _expires: 2025-10-31T19:23:14.620Z,
    originalMaxAge: 86399999,
    httpOnly: true,
    secure: false,
    sameSite: 'lax'
  }
}
3:23:41 PM [express] GET /api/portfolio 401 in 1ms :: {"message":"Not authenticated"}
Session ID: nDULxEr1g7TIAMBJTvv2FwRdc4vA1xvp, Session data: Session {
  cookie: {
    path: '/',
    _expires: 2025-10-31T19:23:41.941Z,
    originalMaxAge: 86399999,
    httpOnly: true,
    secure: false,
    sameSite: 'lax'
  }
}
3:23:44 PM [express] GET /api/credit-line/details 401 in 0ms :: {"message":"Not authenticated"}
Session ID: nDULxEr1g7TIAMBJTvv2FwRdc4vA1xvp, Session data: Session {
  cookie: {
    path: '/',
    _expires: 2025-10-31T19:23:44.660Z,
    originalMaxAge: 86399999,
    httpOnly: true,
    secure: false,
    sameSite: 'lax'
  }
}
3:23:47 PM [express] GET /api/portfolio 401 in 1ms :: {"message":"Not authenticated"}
Session ID: nDULxEr1g7TIAMBJTvv2FwRdc4vA1xvp, Session data: Session {
  cookie: {
    path: '/',
    _expires: 2025-10-31T19:23:47.977Z,
    originalMaxAge: 86399999,
    httpOnly: true,
    secure: false,
    sameSite: 'lax'
  }
}
3:24:17 PM [express] GET /api/portfolio 401 in 1ms :: {"message":"Not authenticated"}
Session ID: nDULxEr1g7TIAMBJTvv2FwRdc4vA1xvp, Session data: Session {
  cookie: {
    path: '/',
    _expires: 2025-10-31T19:24:17.991Z,
    originalMaxAge: 86399999,
    httpOnly: true,
    secure: false,
    sameSite: 'lax'
  }
}
3:24:19 PM [express] GET /api/portfolio 401 in 1ms :: {"message":"Not authenticated"}
Session ID: nDULxEr1g7TIAMBJTvv2FwRdc4vA1xvp, Session data: Session {
  cookie: {
    path: '/',
    _expires: 2025-10-31T19:24:19.004Z,
    originalMaxAge: 86399999,
    httpOnly: true,
    secure: false,
    sameSite: 'lax'
  }
}
3:24:25 PM [express] GET /api/portfolio 401 in 1ms :: {"message":"Not authenticated"}
Session ID: nDULxEr1g7TIAMBJTvv2FwRdc4vA1xvp, Session data: Session {
  cookie: {
    path: '/',
    _expires: 2025-10-31T19:24:25.041Z,
    originalMaxAge: 86399999,
    httpOnly: true,
    secure: false,
    sameSite: 'lax'
  }
}
3:24:44 PM [express] GET /api/credit-line/details 401 in 1ms :: {"message":"Not authenticated"}
Session ID: nDULxEr1g7TIAMBJTvv2FwRdc4vA1xvp, Session data: Session {
  cookie: {
    path: '/',
    _expires: 2025-10-31T19:24:44.713Z,
    originalMaxAge: 86399999,
    httpOnly: true,
    secure: false,
    sameSite: 'lax'
  }
}
3:24:55 PM [express] GET /api/portfolio 401 in 1ms :: {"message":"Not authenticated"}
Session ID: nDULxEr1g7TIAMBJTvv2FwRdc4vA1xvp, Session data: Session {
  cookie: {
    path: '/',
    _expires: 2025-10-31T19:24:55.062Z,
    originalMaxAge: 86399999,
    httpOnly: true,
    secure: false,
    sameSite: 'lax'
  }
}
3:24:56 PM [express] GET /api/portfolio 401 in 0ms :: {"message":"Not authenticated"}
Session ID: nDULxEr1g7TIAMBJTvv2FwRdc4vA1xvp, Session data: Session {
  cookie: {
    path: '/',
    _expires: 2025-10-31T19:24:56.075Z,
    originalMaxAge: 86399999,
    httpOnly: true,
    secure: false,
    sameSite: 'lax'
  }
}
3:25:14 PM [express] GET /api/credit-line/details 401 in 0ms :: {"message":"Not authenticated"}
Session ID: nDULxEr1g7TIAMBJTvv2FwRdc4vA1xvp, Session data: Session {
  cookie: {
    path: '/',
    _expires: 2025-10-31T19:25:14.734Z,
    originalMaxAge: 86399999,
    httpOnly: true,
    secure: false,
    sameSite: 'lax'
  }
}
3:25:32 PM [express] GET /api/portfolio 401 in 1ms :: {"message":"Not authenticated"}
Session ID: nDULxEr1g7TIAMBJTvv2FwRdc4vA1xvp, Session data: Session {
  cookie: {
    path: '/',
    _expires: 2025-10-31T19:25:32.142Z,
    originalMaxAge: 86399999,
    httpOnly: true,
    secure: false,
    sameSite: 'lax'
  }
}
3:25:33 PM [express] GET /api/portfolio 401 in 2ms :: {"message":"Not authenticated"}
Session ID: nDULxEr1g7TIAMBJTvv2FwRdc4vA1xvp, Session data: Session {
  cookie: {
    path: '/',
    _expires: 2025-10-31T19:25:33.156Z,
    originalMaxAge: 86399999,
    httpOnly: true,
    secure: false,
    sameSite: 'lax'
  }
}
3:25:35 PM [express] GET /api/portfolio 401 in 1ms :: {"message":"Not authenticated"}
Session ID: nDULxEr1g7TIAMBJTvv2FwRdc4vA1xvp, Session data: Session {
  cookie: {
    path: '/',
    _expires: 2025-10-31T19:25:35.174Z,
    originalMaxAge: 86399999,
    httpOnly: true,
    secure: false,
    sameSite: 'lax'
  }
}
3:26:14 PM [express] GET /api/credit-line/details 401 in 1ms :: {"message":"Not authenticated"}
Session ID: nDULxEr1g7TIAMBJTvv2FwRdc4vA1xvp, Session data: Session {
  cookie: {
    path: '/',
    _expires: 2025-10-31T19:26:14.768Z,
    originalMaxAge: 86399999,
    httpOnly: true,
    secure: false,
    sameSite: 'lax'
  }
}
3:26:47 PM [express] GET /api/portfolio 401 in 1ms :: {"message":"Not authenticated"}
Session ID: nDULxEr1g7TIAMBJTvv2FwRdc4vA1xvp, Session data: Session {
  cookie: {
    path: '/',
    _expires: 2025-10-31T19:26:47.307Z,
    originalMaxAge: 86399999,
    httpOnly: true,
    secure: false,
    sameSite: 'lax'
  }
}
3:26:53 PM [express] GET /api/portfolio 401 in 1ms :: {"message":"Not authenticated"}
Session ID: nDULxEr1g7TIAMBJTvv2FwRdc4vA1xvp, Session data: Session {
  cookie: {
    path: '/',
    _expires: 2025-10-31T19:26:53.341Z,
    originalMaxAge: 86399999,
    httpOnly: true,
    secure: false,
    sameSite: 'lax'
  }
}
3:27:24 PM [express] GET /api/portfolio 401 in 0ms :: {"message":"Not authenticated"}
Session ID: nDULxEr1g7TIAMBJTvv2FwRdc4vA1xvp, Session data: Session {
  cookie: {
    path: '/',
    _expires: 2025-10-31T19:27:24.376Z,
    originalMaxAge: 86399999,
    httpOnly: true,
    secure: false,
    sameSite: 'lax'
  }
}
3:27:44 PM [express] GET /api/credit-line/details 401 in 1ms :: {"message":"Not authenticated"}
Session ID: nDULxEr1g7TIAMBJTvv2FwRdc4vA1xvp, Session data: Session {
  cookie: {
    path: '/',
    _expires: 2025-10-31T19:27:44.852Z,
    originalMaxAge: 86399999,
    httpOnly: true,
    secure: false,
    sameSite: 'lax'
  }
}
3:28:00 PM [express] GET /api/portfolio 401 in 1ms :: {"message":"Not authenticated"}
Session ID: nDULxEr1g7TIAMBJTvv2FwRdc4vA1xvp, Session data: Session {
  cookie: {
    path: '/',
    _expires: 2025-10-31T19:28:00.434Z,
    originalMaxAge: 86399999,
    httpOnly: true,
    secure: false,
    sameSite: 'lax'
  }
}
3:28:03 PM [express] GET /api/portfolio 401 in 1ms :: {"message":"Not authenticated"}
🧹 Rate limiter cleanup: removed 0 expired entries
🧹 Rate limiter cleanup: removed 0 expired entries
🧹 Rate limiter cleanup: removed 0 expired entries
Session ID: nDULxEr1g7TIAMBJTvv2FwRdc4vA1xvp, Session data: Session {
  cookie: {
    path: '/',
    _expires: 2025-10-31T19:28:03.471Z,
    originalMaxAge: 86399999,
    httpOnly: true,
    secure: false,
    sameSite: 'lax'
  }
}
3:28:14 PM [express] GET /api/credit-line/details 401 in 2ms :: {"message":"Not authenticated"}
Session ID: nDULxEr1g7TIAMBJTvv2FwRdc4vA1xvp, Session data: Session {
  cookie: {
    path: '/',
    _expires: 2025-10-31T19:28:14.874Z,
    originalMaxAge: 86399999,
    httpOnly: true,
    secure: false,
    sameSite: 'lax'
  }
}
3:28:38 PM [express] GET /api/portfolio 401 in 1ms :: {"message":"Not authenticated"}
Session ID: nDULxEr1g7TIAMBJTvv2FwRdc4vA1xvp, Session data: Session {
  cookie: {
    path: '/',
    _expires: 2025-10-31T19:28:38.543Z,
    originalMaxAge: 86399999,
    httpOnly: true,
    secure: false,
    sameSite: 'lax'
  }
}
3:28:40 PM [express] GET /api/portfolio 401 in 1ms :: {"message":"Not authenticated"}
Session ID: nDULxEr1g7TIAMBJTvv2FwRdc4vA1xvp, Session data: Session {
  cookie: {
    path: '/',
    _expires: 2025-10-31T19:28:40.558Z,
    originalMaxAge: 86399999,
    httpOnly: true,
    secure: false,
    sameSite: 'lax'
  }
}
3:29:14 PM [express] GET /api/portfolio 401 in 1ms :: {"message":"Not authenticated"}
Session ID: nDULxEr1g7TIAMBJTvv2FwRdc4vA1xvp, Session data: Session {
  cookie: {
    path: '/',
    _expires: 2025-10-31T19:29:14.602Z,
    originalMaxAge: 86399999,
    httpOnly: true,
    secure: false,
    sameSite: 'lax'
  }
}
3:29:14 PM [express] GET /api/credit-line/details 401 in 1ms :: {"message":"Not authenticated"}
Session ID: nDULxEr1g7TIAMBJTvv2FwRdc4vA1xvp, Session data: Session {
  cookie: {
    path: '/',
    _expires: 2025-10-31T19:29:14.902Z,
    originalMaxAge: 86399999,
    httpOnly: true,
    secure: false,
    sameSite: 'lax'
  }
}
3:29:15 PM [express] GET /api/portfolio 401 in 1ms :: {"message":"Not authenticated"}
Session ID: nDULxEr1g7TIAMBJTvv2FwRdc4vA1xvp, Session data: Session {
  cookie: {
    path: '/',
    _expires: 2025-10-31T19:29:15.615Z,
    originalMaxAge: 86399999,
    httpOnly: true,
    secure: false,
    sameSite: 'lax'
  }
}
3:29:44 PM [express] GET /api/credit-line/details 401 in 1ms :: {"message":"Not authenticated"}
Session ID: nDULxEr1g7TIAMBJTvv2FwRdc4vA1xvp, Session data: Session {
  cookie: {
    path: '/',
    _expires: 2025-10-31T19:29:44.924Z,
    originalMaxAge: 86399999,
    httpOnly: true,
    secure: false,
    sameSite: 'lax'
  }
}
3:29:52 PM [express] GET /api/portfolio 401 in 0ms :: {"message":"Not authenticated"}
Session ID: nDULxEr1g7TIAMBJTvv2FwRdc4vA1xvp, Session data: Session {
  cookie: {
    path: '/',
    _expires: 2025-10-31T19:29:52.704Z,
    originalMaxAge: 86399999,
    httpOnly: true,
    secure: false,
    sameSite: 'lax'
  }
}
3:30:29 PM [express] GET /api/portfolio 401 in 1ms :: {"message":"Not authenticated"}
Session ID: nDULxEr1g7TIAMBJTvv2FwRdc4vA1xvp, Session data: Session {
  cookie: {
    path: '/',
    _expires: 2025-10-31T19:30:29.785Z,
    originalMaxAge: 86399999,
    httpOnly: true,
    secure: false,
    sameSite: 'lax'
  }
}
3:30:44 PM [express] GET /api/credit-line/details 401 in 2ms :: {"message":"Not authenticated"}
Session ID: nDULxEr1g7TIAMBJTvv2FwRdc4vA1xvp, Session data: Session {
  cookie: {
    path: '/',
    _expires: 2025-10-31T19:30:44.976Z,
    originalMaxAge: 86399999,
    httpOnly: true,
    secure: false,
    sameSite: 'lax'
  }
}
3:31:08 PM [express] GET /api/portfolio 401 in 1ms :: {"message":"Not authenticated"}
Session ID: nDULxEr1g7TIAMBJTvv2FwRdc4vA1xvp, Session data: Session {
  cookie: {
    path: '/',
    _expires: 2025-10-31T19:31:08.879Z,
    originalMaxAge: 86399999,
    httpOnly: true,
    secure: false,
    sameSite: 'lax'
  }
}
3:31:42 PM [express] GET /api/portfolio 401 in 1ms :: {"message":"Not authenticated"}
Session ID: nDULxEr1g7TIAMBJTvv2FwRdc4vA1xvp, Session data: Session {
  cookie: {
    path: '/',
    _expires: 2025-10-31T19:31:42.923Z,
    originalMaxAge: 86399999,
    httpOnly: true,
    secure: false,
    sameSite: 'lax'
  }
}
3:31:45 PM [express] GET /api/credit-line/details 401 in 1ms :: {"message":"Not authenticated"}
Session ID: nDULxEr1g7TIAMBJTvv2FwRdc4vA1xvp, Session data: Session {
  cookie: {
    path: '/',
    _expires: 2025-10-31T19:31:45.009Z,
    originalMaxAge: 86399999,
    httpOnly: true,
    secure: false,
    sameSite: 'lax'
  }
}
3:31:45 PM [express] GET /api/portfolio 401 in 0ms :: {"message":"Not authenticated"}
Session ID: nDULxEr1g7TIAMBJTvv2FwRdc4vA1xvp, Session data: Session {
  cookie: {
    path: '/',
    _expires: 2025-10-31T19:31:45.959Z,
    originalMaxAge: 86399999,
    httpOnly: true,
    secure: false,
    sameSite: 'lax'
  }
}
3:31:49 PM [express] GET /api/portfolio 401 in 1ms :: {"message":"Not authenticated"}
Session ID: nDULxEr1g7TIAMBJTvv2FwRdc4vA1xvp, Session data: Session {
  cookie: {
    path: '/',
    _expires: 2025-10-31T19:31:49.982Z,
    originalMaxAge: 86399999,
    httpOnly: true,
    secure: false,
    sameSite: 'lax'
  }
}
3:32:15 PM [express] GET /api/credit-line/details 401 in 0ms :: {"message":"Not authenticated"}
Session ID: nDULxEr1g7TIAMBJTvv2FwRdc4vA1xvp, Session data: Session {
  cookie: {
    path: '/',
    _expires: 2025-10-31T19:32:15.030Z,
    originalMaxAge: 86399999,
    httpOnly: true,
    secure: false,
    sameSite: 'lax'
  }
}
3:32:20 PM [express] GET /api/portfolio 401 in 0ms :: {"message":"Not authenticated"}
Session ID: nDULxEr1g7TIAMBJTvv2FwRdc4vA1xvp, Session data: Session {
  cookie: {
    path: '/',
    _expires: 2025-10-31T19:32:20.001Z,
    originalMaxAge: 86399999,
    httpOnly: true,
    secure: false,
    sameSite: 'lax'
  }
}
3:32:21 PM [express] GET /api/portfolio 401 in 0ms :: {"message":"Not authenticated"}
Session ID: nDULxEr1g7TIAMBJTvv2FwRdc4vA1xvp, Session data: Session {
  cookie: {
    path: '/',
    _expires: 2025-10-31T19:32:21.015Z,
    originalMaxAge: 86399999,
    httpOnly: true,
    secure: false,
    sameSite: 'lax'
  }
}
3:32:57 PM [express] GET /api/portfolio 401 in 1ms :: {"message":"Not authenticated"}
🧹 Rate limiter cleanup: removed 0 expired entries
🧹 Rate limiter cleanup: removed 0 expired entries
🧹 Rate limiter cleanup: removed 0 expired entries
Session ID: nDULxEr1g7TIAMBJTvv2FwRdc4vA1xvp, Session data: Session {
  cookie: {
    path: '/',
    _expires: 2025-10-31T19:32:57.079Z,
    originalMaxAge: 86399999,
    httpOnly: true,
    secure: false,
    sameSite: 'lax'
  }
}
3:33:15 PM [express] GET /api/credit-line/details 401 in 1ms :: {"message":"Not authenticated"}
Session ID: nDULxEr1g7TIAMBJTvv2FwRdc4vA1xvp, Session data: Session {
  cookie: {
    path: '/',
    _expires: 2025-10-31T19:33:15.075Z,
    originalMaxAge: 86399999,
    httpOnly: true,
    secure: false,
    sameSite: 'lax'
  }
}
3:33:34 PM [express] GET /api/portfolio 401 in 0ms :: {"message":"Not authenticated"}
Session ID: nDULxEr1g7TIAMBJTvv2FwRdc4vA1xvp, Session data: Session {
  cookie: {
    path: '/',
    _expires: 2025-10-31T19:33:34.152Z,
    originalMaxAge: 86399999,
    httpOnly: true,
    secure: false,
    sameSite: 'lax'
  }
}
3:33:37 PM [express] GET /api/portfolio 401 in 1ms :: {"message":"Not authenticated"}
Session ID: nDULxEr1g7TIAMBJTvv2FwRdc4vA1xvp, Session data: Session {
  cookie: {
    path: '/',
    _expires: 2025-10-31T19:33:37.178Z,
    originalMaxAge: 86399999,
    httpOnly: true,
    secure: false,
    sameSite: 'lax'
  }
}
3:33:45 PM [express] GET /api/credit-line/details 401 in 1ms :: {"message":"Not authenticated"}
Session ID: RdAI4xl1sj6_ym0ybFXQgmFj6MjwhbY9, Session data: Session {
  cookie: {
    path: '/',
    _expires: 2025-10-31T19:34:09.056Z,
    originalMaxAge: 86400000,
    httpOnly: true,
    secure: false,
    sameSite: 'lax'
  }
}
3:34:09 PM [express] POST /api/auth/login 200 in 241ms :: {"success":true,"message":"Login successfu…
Session ID: nDULxEr1g7TIAMBJTvv2FwRdc4vA1xvp, Session data: Session {
  cookie: {
    path: '/',
    _expires: 2025-10-31T19:33:45.095Z,
    originalMaxAge: 86399999,
    httpOnly: true,
    secure: false,
    sameSite: 'lax'
  }
}
3:34:12 PM [express] GET /api/portfolio 401 in 0ms :: {"message":"Not authenticated"}
Session ID: nDULxEr1g7TIAMBJTvv2FwRdc4vA1xvp, Session data: Session {
  cookie: {
    path: '/',
    _expires: 2025-10-31T19:34:12.235Z,
    originalMaxAge: 86399999,
    httpOnly: true,
    secure: false,
    sameSite: 'lax'
  }
}
3:34:14 PM [express] GET /api/portfolio 401 in 1ms :: {"message":"Not authenticated"}
Session ID: nDULxEr1g7TIAMBJTvv2FwRdc4vA1xvp, Session data: Session {
  cookie: {
    path: '/',
    _expires: 2025-10-31T19:34:14.248Z,
    originalMaxAge: 86399999,
    httpOnly: true,
    secure: false,
    sameSite: 'lax'
  }
}
3:34:18 PM [express] GET /api/portfolio 401 in 1ms :: {"message":"Not authenticated"}
Session ID: iKnHEJsKZsaPucCcFKwvvrpyT4m9nCPL, Session data: Session {
  cookie: {
    path: '/',
    _expires: 2025-10-31T19:34:32.109Z,
    originalMaxAge: 86400000,
    httpOnly: true,
    secure: false,
    sameSite: 'lax'
  }
}
3:34:32 PM [express] GET /api/revolving-credit/account 404 in 1ms :: {"message":"API endpoint not fo…
Session ID: nDULxEr1g7TIAMBJTvv2FwRdc4vA1xvp, Session data: Session {
  cookie: {
    path: '/',
    _expires: 2025-10-31T19:34:18.270Z,
    originalMaxAge: 86399999,
    httpOnly: true,
    secure: false,
    sameSite: 'lax'
  }
}
3:34:48 PM [express] GET /api/portfolio 401 in 2ms :: {"message":"Not authenticated"}
Session ID: nDULxEr1g7TIAMBJTvv2FwRdc4vA1xvp, Session data: Session {
  cookie: {
    path: '/',
    _expires: 2025-10-31T19:34:48.284Z,
    originalMaxAge: 86399999,
    httpOnly: true,
    secure: false,
    sameSite: 'lax'
  }
}
3:34:51 PM [express] GET /api/portfolio 401 in 1ms :: {"message":"Not authenticated"}
Session ID: nDULxEr1g7TIAMBJTvv2FwRdc4vA1xvp, Session data: Session {
  cookie: {
    path: '/',
    _expires: 2025-10-31T19:34:51.313Z,
    originalMaxAge: 86399999,
    httpOnly: true,
    secure: false,
    sameSite: 'lax'
  }
}
3:35:15 PM [express] GET /api/credit-line/details 401 in 1ms :: {"message":"Not authenticated"}
Session ID: nDULxEr1g7TIAMBJTvv2FwRdc4vA1xvp, Session data: Session {
  cookie: {
    path: '/',
    _expires: 2025-10-31T19:35:15.151Z,
    originalMaxAge: 86399999,
    httpOnly: true,
    secure: false,
    sameSite: 'lax'
  }
}
3:35:28 PM [express] GET /api/portfolio 401 in 1ms :: {"message":"Not authenticated"}
Session ID: nDULxEr1g7TIAMBJTvv2FwRdc4vA1xvp, Session data: Session {
  cookie: {
    path: '/',
    _expires: 2025-10-31T19:35:28.382Z,
    originalMaxAge: 86399999,
    httpOnly: true,
    secure: false,
    sameSite: 'lax'
  }
}
3:35:32 PM [express] GET /api/portfolio 401 in 0ms :: {"message":"Not authenticated"}
Session ID: nDULxEr1g7TIAMBJTvv2FwRdc4vA1xvp, Session data: Session {
  cookie: {
    path: '/',
    _expires: 2025-10-31T19:35:32.402Z,
    originalMaxAge: 86399999,
    httpOnly: true,
    secure: false,
    sameSite: 'lax'
  }
}
3:36:03 PM [express] GET /api/portfolio 401 in 1ms :: {"message":"Not authenticated"}
Session ID: nDULxEr1g7TIAMBJTvv2FwRdc4vA1xvp, Session data: Session {
  cookie: {
    path: '/',
    _expires: 2025-10-31T19:36:03.438Z,
    originalMaxAge: 86399999,
    httpOnly: true,
    secure: false,
    sameSite: 'lax'
  }
}
3:36:05 PM [express] GET /api/portfolio 401 in 1ms :: {"message":"Not authenticated"}
Session ID: nDULxEr1g7TIAMBJTvv2FwRdc4vA1xvp, Session data: Session {
  cookie: {
    path: '/',
    _expires: 2025-10-31T19:36:05.450Z,
    originalMaxAge: 86399999,
    httpOnly: true,
    secure: false,
    sameSite: 'lax'
  }
}
3:36:39 PM [express] GET /api/portfolio 401 in 1ms :: {"message":"Not authenticated"}
Session ID: nDULxEr1g7TIAMBJTvv2FwRdc4vA1xvp, Session data: Session {
  cookie: {
    path: '/',
    _expires: 2025-10-31T19:36:39.494Z,
    originalMaxAge: 86399999,
    httpOnly: true,
    secure: false,
    sameSite: 'lax'
  }
}
3:36:40 PM [express] GET /api/portfolio 401 in 1ms :: {"message":"Not authenticated"}
Session ID: nDULxEr1g7TIAMBJTvv2FwRdc4vA1xvp, Session data: Session {
  cookie: {
    path: '/',
    _expires: 2025-10-31T19:36:40.509Z,
    originalMaxAge: 86399999,
    httpOnly: true,
    secure: false,
    sameSite: 'lax'
  }
}
3:36:42 PM [express] GET /api/portfolio 401 in 1ms :: {"message":"Not authenticated"}
Session ID: nDULxEr1g7TIAMBJTvv2FwRdc4vA1xvp, Session data: Session {
  cookie: {
    path: '/',
    _expires: 2025-10-31T19:36:42.522Z,
    originalMaxAge: 86399999,
    httpOnly: true,
    secure: false,
    sameSite: 'lax'
  }
}
3:37:17 PM [express] GET /api/portfolio 401 in 1ms :: {"message":"Not authenticated"}
Session ID: nDULxEr1g7TIAMBJTvv2FwRdc4vA1xvp, Session data: Session {
  cookie: {
    path: '/',
    _expires: 2025-10-31T19:37:17.562Z,
    originalMaxAge: 86399999,
    httpOnly: true,
    secure: false,
    sameSite: 'lax'
  }
}
3:37:53 PM [express] GET /api/portfolio 401 in 0ms :: {"message":"Not authenticated"}
Session ID: nDULxEr1g7TIAMBJTvv2FwRdc4vA1xvp, Session data: Session {
  cookie: {
    path: '/',
    _expires: 2025-10-31T19:37:53.626Z,
    originalMaxAge: 86399999,
    httpOnly: true,
    secure: false,
    sameSite: 'lax'
  }
}
3:37:54 PM [express] GET /api/portfolio 401 in 1ms :: {"message":"Not authenticated"}
Session ID: nDULxEr1g7TIAMBJTvv2FwRdc4vA1xvp, Session data: Session {
  cookie: {
    path: '/',
    _expires: 2025-10-31T19:37:54.640Z,
    originalMaxAge: 86399999,
    httpOnly: true,
    secure: false,
    sameSite: 'lax'
  }
}
3:37:56 PM [express] GET /api/portfolio 401 in 0ms :: {"message":"Not authenticated"}
Session ID: nDULxEr1g7TIAMBJTvv2FwRdc4vA1xvp, Session data: Session {
  cookie: {
    path: '/',
    _expires: 2025-10-31T19:37:56.654Z,
    originalMaxAge: 86399999,
    httpOnly: true,
    secure: false,
    sameSite: 'lax'
  }
}
3:38:00 PM [express] GET /api/portfolio 401 in 0ms :: {"message":"Not authenticated"}
🧹 Rate limiter cleanup: removed 0 expired entries
🧹 Rate limiter cleanup: removed 0 expired entries
🧹 Rate limiter cleanup: removed 0 expired entries
Session ID: nDULxEr1g7TIAMBJTvv2FwRdc4vA1xvp, Session data: Session {
  cookie: {
    path: '/',
    _expires: 2025-10-31T19:38:00.675Z,
    originalMaxAge: 86399999,
    httpOnly: true,
    secure: false,
    sameSite: 'lax'
  }
}
3:38:15 PM [express] GET /api/credit-line/details 401 in 1ms :: {"message":"Not authenticated"}
Session ID: nDULxEr1g7TIAMBJTvv2FwRdc4vA1xvp, Session data: Session {
  cookie: {
    path: '/',
    _expires: 2025-10-31T19:38:15.268Z,
    originalMaxAge: 86399999,
    httpOnly: true,
    secure: false,
    sameSite: 'lax'
  }
}
3:38:33 PM [express] GET /api/portfolio 401 in 0ms :: {"message":"Not authenticated"}
Session ID: nDULxEr1g7TIAMBJTvv2FwRdc4vA1xvp, Session data: Session {
  cookie: {
    path: '/',
    _expires: 2025-10-31T19:38:33.721Z,
    originalMaxAge: 86399999,
    httpOnly: true,
    secure: false,
    sameSite: 'lax'
  }
}
3:38:37 PM [express] GET /api/portfolio 401 in 0ms :: {"message":"Not authenticated"}
Session ID: nDULxEr1g7TIAMBJTvv2FwRdc4vA1xvp, Session data: Session {
  cookie: {
    path: '/',
    _expires: 2025-10-31T19:38:37.742Z,
    originalMaxAge: 86399999,
    httpOnly: true,
    secure: false,
    sameSite: 'lax'
  }
}
3:38:45 PM [express] GET /api/credit-line/details 401 in 2ms :: {"message":"Not authenticated"}
Session ID: RCfccyShkYfuolwmEWsIUcLAwIzMlU-M, Session data: Session {
  cookie: {
    path: '/',
    _expires: 2025-10-31T19:38:55.036Z,
    originalMaxAge: 86400000,
    httpOnly: true,
    secure: false,
    sameSite: 'lax'
  }
}
3:38:55 PM [express] POST /api/auth/login 200 in 241ms :: {"success":true,"message":"Login successfu…
Session ID: nDULxEr1g7TIAMBJTvv2FwRdc4vA1xvp, Session data: Session {
  cookie: {
    path: '/',
    _expires: 2025-10-31T19:38:45.290Z,
    originalMaxAge: 86399999,
    httpOnly: true,
    secure: false,
    sameSite: 'lax'
  }
}
3:39:07 PM [express] GET /api/portfolio 401 in 0ms :: {"message":"Not authenticated"}
Session ID: nDULxEr1g7TIAMBJTvv2FwRdc4vA1xvp, Session data: Session {
  cookie: {
    path: '/',
    _expires: 2025-10-31T19:39:07.763Z,
    originalMaxAge: 86399999,
    httpOnly: true,
    secure: false,
    sameSite: 'lax'
  }
}
3:39:10 PM [express] GET /api/portfolio 401 in 0ms :: {"message":"Not authenticated"}
Session ID: nDULxEr1g7TIAMBJTvv2FwRdc4vA1xvp, Session data: Session {
  cookie: {
    path: '/',
    _expires: 2025-10-31T19:39:10.788Z,
    originalMaxAge: 86399999,
    httpOnly: true,
    secure: false,
    sameSite: 'lax'
  }
}
3:39:14 PM [express] GET /api/portfolio 401 in 0ms :: {"message":"Not authenticated"}
Session ID: nDULxEr1g7TIAMBJTvv2FwRdc4vA1xvp, Session data: Session {
  cookie: {
    path: '/',
    _expires: 2025-10-31T19:39:14.808Z,
    originalMaxAge: 86399999,
    httpOnly: true,
    secure: false,
    sameSite: 'lax'
  }
}
3:39:15 PM [express] GET /api/credit-line/details 401 in 1ms :: {"message":"Not authenticated"}
Session ID: LvM-zkvX6O7Z9PQyhyJuOSU1N8zl1w7D, Session data: Session {
  cookie: {
    path: '/',
    _expires: 2025-10-31T19:39:42.200Z,
    originalMaxAge: 86400000,
    httpOnly: true,
    secure: false,
    sameSite: 'lax'
  }
}
3:39:42 PM [express] POST /api/auth/login 200 in 240ms :: {"success":true,"message":"Login successfu…
Session ID: nDULxEr1g7TIAMBJTvv2FwRdc4vA1xvp, Session data: Session {
  cookie: {
    path: '/',
    _expires: 2025-10-31T19:39:15.305Z,
    originalMaxAge: 86399999,
    httpOnly: true,
    secure: false,
    sameSite: 'lax'
  }
}
3:39:45 PM [express] GET /api/credit-line/details 401 in 1ms :: {"message":"Not authenticated"}
Session ID: nDULxEr1g7TIAMBJTvv2FwRdc4vA1xvp, Session data: Session {
  cookie: {
    path: '/',
    _expires: 2025-10-31T19:39:45.318Z,
    originalMaxAge: 86399999,
    httpOnly: true,
    secure: false,
    sameSite: 'lax'
  }
}
3:39:45 PM [express] GET /api/portfolio 401 in 1ms :: {"message":"Not authenticated"}
Session ID: nDULxEr1g7TIAMBJTvv2FwRdc4vA1xvp, Session data: Session {
  cookie: {
    path: '/',
    _expires: 2025-10-31T19:39:45.841Z,
    originalMaxAge: 86399999,
    httpOnly: true,
    secure: false,
    sameSite: 'lax'
  }
}
3:39:51 PM [express] GET /api/portfolio 401 in 1ms :: {"message":"Not authenticated"}
Session ID: nDULxEr1g7TIAMBJTvv2FwRdc4vA1xvp, Session data: Session {
  cookie: {
    path: '/',
    _expires: 2025-10-31T19:39:51.874Z,
    originalMaxAge: 86399999,
    httpOnly: true,
    secure: false,
    sameSite: 'lax'
  }
}
3:40:21 PM [express] GET /api/portfolio 401 in 0ms :: {"message":"Not authenticated"}
Session ID: nDULxEr1g7TIAMBJTvv2FwRdc4vA1xvp, Session data: Session {
  cookie: {
    path: '/',
    _expires: 2025-10-31T19:40:21.896Z,
    originalMaxAge: 86399999,
    httpOnly: true,
    secure: false,
    sameSite: 'lax'
  }
}
3:40:22 PM [express] GET /api/portfolio 401 in 1ms :: {"message":"Not authenticated"}
Session ID: nDULxEr1g7TIAMBJTvv2FwRdc4vA1xvp, Session data: Session {
  cookie: {
    path: '/',
    _expires: 2025-10-31T19:40:22.910Z,
    originalMaxAge: 86399999,
    httpOnly: true,
    secure: false,
    sameSite: 'lax'
  }
}
3:40:45 PM [express] GET /api/credit-line/details 401 in 1ms :: {"message":"Not authenticated"}
Session ID: nDULxEr1g7TIAMBJTvv2FwRdc4vA1xvp, Session data: Session {
  cookie: {
    path: '/',
    _expires: 2025-10-31T19:40:45.359Z,
    originalMaxAge: 86399999,
    httpOnly: true,
    secure: false,
    sameSite: 'lax'
  }
}
3:40:58 PM [express] GET /api/portfolio 401 in 0ms :: {"message":"Not authenticated"}
Session ID: nDULxEr1g7TIAMBJTvv2FwRdc4vA1xvp, Session data: Session {
  cookie: {
    path: '/',
    _expires: 2025-10-31T19:40:58.966Z,
    originalMaxAge: 86399999,
    httpOnly: true,
    secure: false,
    sameSite: 'lax'
  }
}
3:40:59 PM [express] GET /api/portfolio 401 in 1ms :: {"message":"Not authenticated"}
Session ID: nDULxEr1g7TIAMBJTvv2FwRdc4vA1xvp, Session data: Session {
  cookie: {
    path: '/',
    _expires: 2025-10-31T19:40:59.979Z,
    originalMaxAge: 86399999,
    httpOnly: true,
    secure: false,
    sameSite: 'lax'
  }
}
3:41:15 PM [express] GET /api/credit-line/details 401 in 1ms :: {"message":"Not authenticated"}
Session ID: nDULxEr1g7TIAMBJTvv2FwRdc4vA1xvp, Session data: Session {
  cookie: {
    path: '/',
    _expires: 2025-10-31T19:41:15.380Z,
    originalMaxAge: 86399999,
    httpOnly: true,
    secure: false,
    sameSite: 'lax'
  }
}
3:41:37 PM [express] GET /api/portfolio 401 in 0ms :: {"message":"Not authenticated"}
Session ID: nDULxEr1g7TIAMBJTvv2FwRdc4vA1xvp, Session data: Session {
  cookie: {
    path: '/',
    _expires: 2025-10-31T19:41:37.048Z,
    originalMaxAge: 86399999,
    httpOnly: true,
    secure: false,
    sameSite: 'lax'
  }
}
3:42:13 PM [express] GET /api/portfolio 401 in 1ms :: {"message":"Not authenticated"}
Session ID: nDULxEr1g7TIAMBJTvv2FwRdc4vA1xvp, Session data: Session {
  cookie: {
    path: '/',
    _expires: 2025-10-31T19:42:13.104Z,
    originalMaxAge: 86399999,
    httpOnly: true,
    secure: false,
    sameSite: 'lax'
  }
}
3:42:16 PM [express] GET /api/portfolio 401 in 1ms :: {"message":"Not authenticated"}
Session ID: nDULxEr1g7TIAMBJTvv2FwRdc4vA1xvp, Session data: Session {
  cookie: {
    path: '/',
    _expires: 2025-10-31T19:42:16.130Z,
    originalMaxAge: 86399999,
    httpOnly: true,
    secure: false,
    sameSite: 'lax'
  }
}
3:42:20 PM [express] GET /api/portfolio 401 in 1ms :: {"message":"Not authenticated"}
Session ID: 2RlMax2IFfgPIaCbhXWTGr2WYbb9pysF, Session data: Session {
  cookie: {
    path: '/',
    _expires: 2025-10-31T19:43:04.476Z,
    originalMaxAge: 86400000,
    httpOnly: true,
    secure: false,
    sameSite: 'lax'
  }
}
3:43:04 PM [express] POST /api/auth/login 200 in 241ms :: {"success":true,"message":"Login successfu…
🧹 Rate limiter cleanup: removed 0 expired entries
🧹 Rate limiter cleanup: removed 0 expired entries
🧹 Rate limiter cleanup: removed 0 expired entries
Session ID: nDULxEr1g7TIAMBJTvv2FwRdc4vA1xvp, Session data: Session {
  cookie: {
    path: '/',
    _expires: 2025-10-31T19:42:20.153Z,
    originalMaxAge: 86399999,
    httpOnly: true,
    secure: false,
    sameSite: 'lax'
  }
}
3:43:15 PM [express] GET /api/credit-line/details 401 in 1ms :: {"message":"Not authenticated"}
Session ID: nDULxEr1g7TIAMBJTvv2FwRdc4vA1xvp, Session data: Session {
  cookie: {
    path: '/',
    _expires: 2025-10-31T19:43:15.461Z,
    originalMaxAge: 86399999,
    httpOnly: true,
    secure: false,
    sameSite: 'lax'
  }
}
3:43:28 PM [express] GET /api/portfolio 401 in 1ms :: {"message":"Not authenticated"}
Session ID: nDULxEr1g7TIAMBJTvv2FwRdc4vA1xvp, Session data: Session {
  cookie: {
    path: '/',
    _expires: 2025-10-31T19:43:28.253Z,
    originalMaxAge: 86399999,
    httpOnly: true,
    secure: false,
    sameSite: 'lax'
  }
}
3:43:30 PM [express] GET /api/portfolio 401 in 1ms :: {"message":"Not authenticated"}
Session ID: nDULxEr1g7TIAMBJTvv2FwRdc4vA1xvp, Session data: Session {
  cookie: {
    path: '/',
    _expires: 2025-10-31T19:43:30.267Z,
    originalMaxAge: 86399999,
    httpOnly: true,
    secure: false,
    sameSite: 'lax'
  }
}
3:43:34 PM [express] GET /api/portfolio 401 in 1ms :: {"message":"Not authenticated"}
Session ID: nDULxEr1g7TIAMBJTvv2FwRdc4vA1xvp, Session data: Session {
  cookie: {
    path: '/',
    _expires: 2025-10-31T19:43:34.287Z,
    originalMaxAge: 86399999,
    httpOnly: true,
    secure: false,
    sameSite: 'lax'
  }
}
3:43:45 PM [express] GET /api/credit-line/details 401 in 1ms :: {"message":"Not authenticated"}
Session ID: nDULxEr1g7TIAMBJTvv2FwRdc4vA1xvp, Session data: Session {
  cookie: {
    path: '/',
    _expires: 2025-10-31T19:43:45.483Z,
    originalMaxAge: 86399999,
    httpOnly: true,
    secure: false,
    sameSite: 'lax'
  }
}
3:44:04 PM [express] GET /api/portfolio 401 in 1ms :: {"message":"Not authenticated"}
Session ID: nDULxEr1g7TIAMBJTvv2FwRdc4vA1xvp, Session data: Session {
  cookie: {
    path: '/',
    _expires: 2025-10-31T19:44:04.308Z,
    originalMaxAge: 86399999,
    httpOnly: true,
    secure: false,
    sameSite: 'lax'
  }
}
3:44:42 PM [express] GET /api/portfolio 401 in 2ms :: {"message":"Not authenticated"}
🧹 Performed periodic cleanup of monitoring data
Session ID: nDULxEr1g7TIAMBJTvv2FwRdc4vA1xvp, Session data: Session {
  cookie: {
    path: '/',
    _expires: 2025-10-31T19:44:42.390Z,
    originalMaxAge: 86399999,
    httpOnly: true,
    secure: false,
    sameSite: 'lax'
  }
}
3:45:55 PM [express] GET /api/portfolio 401 in 0ms :: {"message":"Not authenticated"}
Session ID: nDULxEr1g7TIAMBJTvv2FwRdc4vA1xvp, Session data: Session {
  cookie: {
    path: '/',
    _expires: 2025-10-31T19:45:55.503Z,
    originalMaxAge: 86399999,
    httpOnly: true,
    secure: false,
    sameSite: 'lax'
  }
}
3:45:56 PM [express] GET /api/portfolio 401 in 0ms :: {"message":"Not authenticated"}
Session ID: nDULxEr1g7TIAMBJTvv2FwRdc4vA1xvp, Session data: Session {
  cookie: {
    path: '/',
    _expires: 2025-10-31T19:45:56.516Z,
    originalMaxAge: 86399999,
    httpOnly: true,
    secure: false,
    sameSite: 'lax'
  }
}
3:46:15 PM [express] GET /api/credit-line/details 401 in 0ms :: {"message":"Not authenticated"}
Session ID: 8u11-S-KPobszRiUFWV-cR8g4nnFS5us, Session data: Session {
  cookie: {
    path: '/',
    _expires: 2025-10-31T19:46:37.280Z,
    originalMaxAge: 86400000,
    httpOnly: true,
    secure: false,
    sameSite: 'lax'
  }
}
3:46:37 PM [express] GET /api/revolving-credit/account 404 in 1ms :: {"message":"API endpoint not fo…
Session ID: Nb7lNtNclRWs2DOdgcIux4LTkOuHDPtB, Session data: Session {
  cookie: {
    path: '/',
    _expires: 2025-10-31T19:46:57.186Z,
    originalMaxAge: 86400000,
    httpOnly: true,
    secure: false,
    sameSite: 'lax'
  }
}
3:46:57 PM [express] GET /api/revolving-credit/test 404 in 1ms :: {"message":"API endpoint not found…
Session ID: nDULxEr1g7TIAMBJTvv2FwRdc4vA1xvp, Session data: Session {
  cookie: {
    path: '/',
    _expires: 2025-10-31T19:46:15.583Z,
    originalMaxAge: 86399999,
    httpOnly: true,
    secure: false,
    sameSite: 'lax'
  }
}
3:47:09 PM [express] GET /api/portfolio 401 in 1ms :: {"message":"Not authenticated"}
Session ID: nDULxEr1g7TIAMBJTvv2FwRdc4vA1xvp, Session data: Session {
  cookie: {
    path: '/',
    _expires: 2025-10-31T19:47:09.645Z,
    originalMaxAge: 86399999,
    httpOnly: true,
    secure: false,
    sameSite: 'lax'
  }
}
3:47:15 PM [express] GET /api/credit-line/details 401 in 0ms :: {"message":"Not authenticated"}
Session ID: nDULxEr1g7TIAMBJTvv2FwRdc4vA1xvp, Session data: Session {
  cookie: {
    path: '/',
    _expires: 2025-10-31T19:47:15.616Z,
    originalMaxAge: 86399999,
    httpOnly: true,
    secure: false,
    sameSite: 'lax'
  }
}
3:47:16 PM [express] GET /api/portfolio 401 in 0ms :: {"message":"Not authenticated"}
Session ID: nDULxEr1g7TIAMBJTvv2FwRdc4vA1xvp, Session data: Session {
  cookie: {
    path: '/',
    _expires: 2025-10-31T19:47:16.683Z,
    originalMaxAge: 86399999,
    httpOnly: true,
    secure: false,
    sameSite: 'lax'
  }
}
3:47:46 PM [express] GET /api/portfolio 401 in 1ms :: {"message":"Not authenticated"}
Session ID: nDULxEr1g7TIAMBJTvv2FwRdc4vA1xvp, Session data: Session {
  cookie: {
    path: '/',
    _expires: 2025-10-31T19:47:46.695Z,
    originalMaxAge: 86399999,
    httpOnly: true,
    secure: false,
    sameSite: 'lax'
  }
}
3:47:49 PM [express] GET /api/portfolio 401 in 0ms :: {"message":"Not authenticated"}
Session ID: nDULxEr1g7TIAMBJTvv2FwRdc4vA1xvp, Session data: Session {
  cookie: {
    path: '/',
    _expires: 2025-10-31T19:47:49.723Z,
    originalMaxAge: 86399999,
    httpOnly: true,
    secure: false,
    sameSite: 'lax'
  }
}
3:47:53 PM [express] GET /api/portfolio 401 in 1ms :: {"message":"Not authenticated"}
🧹 Rate limiter cleanup: removed 0 expired entries
🧹 Rate limiter cleanup: removed 0 expired entries
🧹 Rate limiter cleanup: removed 0 expired entries
Session ID: nDULxEr1g7TIAMBJTvv2FwRdc4vA1xvp, Session data: Session {
  cookie: {
    path: '/',
    _expires: 2025-10-31T19:47:53.742Z,
    originalMaxAge: 86399999,
    httpOnly: true,
    secure: false,
    sameSite: 'lax'
  }
}
3:48:24 PM [express] GET /api/portfolio 401 in 1ms :: {"message":"Not authenticated"}
Session ID: nDULxEr1g7TIAMBJTvv2FwRdc4vA1xvp, Session data: Session {
  cookie: {
    path: '/',
    _expires: 2025-10-31T19:48:24.777Z,
    originalMaxAge: 86399999,
    httpOnly: true,
    secure: false,
    sameSite: 'lax'
  }
}
3:48:26 PM [express] GET /api/portfolio 401 in 0ms :: {"message":"Not authenticated"}
Session ID: nDULxEr1g7TIAMBJTvv2FwRdc4vA1xvp, Session data: Session {
  cookie: {
    path: '/',
    _expires: 2025-10-31T19:48:26.789Z,
    originalMaxAge: 86399999,
    httpOnly: true,
    secure: false,
    sameSite: 'lax'
  }
}
3:49:00 PM [express] GET /api/portfolio 401 in 1ms :: {"message":"Not authenticated"}
Session ID: nDULxEr1g7TIAMBJTvv2FwRdc4vA1xvp, Session data: Session {
  cookie: {
    path: '/',
    _expires: 2025-10-31T19:49:00.829Z,
    originalMaxAge: 86399999,
    httpOnly: true,
    secure: false,
    sameSite: 'lax'
  }
}
3:49:15 PM [express] GET /api/credit-line/details 401 in 1ms :: {"message":"Not authenticated"}
Session ID: nDULxEr1g7TIAMBJTvv2FwRdc4vA1xvp, Session data: Session {
  cookie: {
    path: '/',
    _expires: 2025-10-31T19:49:15.702Z,
    originalMaxAge: 86399999,
    httpOnly: true,
    secure: false,
    sameSite: 'lax'
  }
}
3:49:38 PM [express] GET /api/portfolio 401 in 1ms :: {"message":"Not authenticated"}
Session ID: H5hLqlSWVy3sqZCAZpeUBVUllu-jXLH0, Session data: Session {
  cookie: {
    path: '/',
    _expires: 2025-10-31T19:49:40.497Z,
    originalMaxAge: 86400000,
    httpOnly: true,
    secure: false,
    sameSite: 'lax'
  }
}
3:49:40 PM [express] GET /api/revolving-credit/account 404 in 1ms :: {"message":"API endpoint not fo…
Session ID: nDULxEr1g7TIAMBJTvv2FwRdc4vA1xvp, Session data: Session {
  cookie: {
    path: '/',
    _expires: 2025-10-31T19:49:38.919Z,
    originalMaxAge: 86399999,
    httpOnly: true,
    secure: false,
    sameSite: 'lax'
  }
}
3:49:40 PM [express] GET /api/portfolio 401 in 1ms :: {"message":"Not authenticated"}
Session ID: nDULxEr1g7TIAMBJTvv2FwRdc4vA1xvp, Session data: Session {
  cookie: {
    path: '/',
    _expires: 2025-10-31T19:49:40.931Z,
    originalMaxAge: 86399999,
    httpOnly: true,
    secure: false,
    sameSite: 'lax'
  }
}
3:49:45 PM [express] GET /api/credit-line/details 401 in 1ms :: {"message":"Not authenticated"}
Session ID: nDULxEr1g7TIAMBJTvv2FwRdc4vA1xvp, Session data: Session {
  cookie: {
    path: '/',
    _expires: 2025-10-31T19:49:45.715Z,
    originalMaxAge: 86399999,
    httpOnly: true,
    secure: false,
    sameSite: 'lax'
  }
}
3:50:14 PM [express] GET /api/portfolio 401 in 1ms :: {"message":"Not authenticated"}
Session ID: nDULxEr1g7TIAMBJTvv2FwRdc4vA1xvp, Session data: Session {
  cookie: {
    path: '/',
    _expires: 2025-10-31T19:50:14.974Z,
    originalMaxAge: 86399999,
    httpOnly: true,
    secure: false,
    sameSite: 'lax'
  }
}
3:50:15 PM [express] GET /api/credit-line/details 401 in 1ms :: {"message":"Not authenticated"}
Session ID: nDULxEr1g7TIAMBJTvv2FwRdc4vA1xvp, Session data: Session {
  cookie: {
    path: '/',
    _expires: 2025-10-31T19:50:15.727Z,
    originalMaxAge: 86399999,
    httpOnly: true,
    secure: false,
    sameSite: 'lax'
  }
}
3:50:18 PM [express] GET /api/portfolio 401 in 1ms :: {"message":"Not authenticated"}
Session ID: nDULxEr1g7TIAMBJTvv2FwRdc4vA1xvp, Session data: Session {
  cookie: {
    path: '/',
    _expires: 2025-10-31T19:50:18.004Z,
    originalMaxAge: 86399999,
    httpOnly: true,
    secure: false,
    sameSite: 'lax'
  }
}
3:50:52 PM [express] GET /api/portfolio 401 in 0ms :: {"message":"Not authenticated"}
Session ID: nDULxEr1g7TIAMBJTvv2FwRdc4vA1xvp, Session data: Session {
  cookie: {
    path: '/',
    _expires: 2025-10-31T19:50:52.047Z,
    originalMaxAge: 86399999,
    httpOnly: true,
    secure: false,
    sameSite: 'lax'
  }
}
3:50:55 PM [express] GET /api/portfolio 401 in 1ms :: {"message":"Not authenticated"}
Session ID: nDULxEr1g7TIAMBJTvv2FwRdc4vA1xvp, Session data: Session {
  cookie: {
    path: '/',
    _expires: 2025-10-31T19:50:55.072Z,
    originalMaxAge: 86399999,
    httpOnly: true,
    secure: false,
    sameSite: 'lax'
  }
}
3:51:15 PM [express] GET /api/credit-line/details 401 in 0ms :: {"message":"Not authenticated"}
Session ID: nDULxEr1g7TIAMBJTvv2FwRdc4vA1xvp, Session data: Session {
  cookie: {
    path: '/',
    _expires: 2025-10-31T19:51:15.771Z,
    originalMaxAge: 86399999,
    httpOnly: true,
    secure: false,
    sameSite: 'lax'
  }
}
3:51:29 PM [express] GET /api/portfolio 401 in 1ms :: {"message":"Not authenticated"}
Session ID: nDULxEr1g7TIAMBJTvv2FwRdc4vA1xvp, Session data: Session {
  cookie: {
    path: '/',
    _expires: 2025-10-31T19:51:29.115Z,
    originalMaxAge: 86399999,
    httpOnly: true,
    secure: false,
    sameSite: 'lax'
  }
}
3:51:30 PM [express] GET /api/portfolio 401 in 2ms :: {"message":"Not authenticated"}
Session ID: nDULxEr1g7TIAMBJTvv2FwRdc4vA1xvp, Session data: Session {
  cookie: {
    path: '/',
    _expires: 2025-10-31T19:51:30.127Z,
    originalMaxAge: 86399999,
    httpOnly: true,
    secure: false,
    sameSite: 'lax'
  }
}
3:52:06 PM [express] GET /api/portfolio 401 in 1ms :: {"message":"Not authenticated"}
Session ID: nDULxEr1g7TIAMBJTvv2FwRdc4vA1xvp, Session data: Session {
  cookie: {
    path: '/',
    _expires: 2025-10-31T19:52:06.183Z,
    originalMaxAge: 86399999,
    httpOnly: true,
    secure: false,
    sameSite: 'lax'
  }
}
3:52:07 PM [express] GET /api/portfolio 401 in 1ms :: {"message":"Not authenticated"}
Session ID: nDULxEr1g7TIAMBJTvv2FwRdc4vA1xvp, Session data: Session {
  cookie: {
    path: '/',
    _expires: 2025-10-31T19:52:07.196Z,
    originalMaxAge: 86399999,
    httpOnly: true,
    secure: false,
    sameSite: 'lax'
  }
}
3:52:09 PM [express] GET /api/portfolio 401 in 1ms :: {"message":"Not authenticated"}
Session ID: nDULxEr1g7TIAMBJTvv2FwRdc4vA1xvp, Session data: Session {
  cookie: {
    path: '/',
    _expires: 2025-10-31T19:52:09.209Z,
    originalMaxAge: 86399999,
    httpOnly: true,
    secure: false,
    sameSite: 'lax'
  }
}
3:52:13 PM [express] GET /api/portfolio 401 in 0ms :: {"message":"Not authenticated"}
Session ID: nDULxEr1g7TIAMBJTvv2FwRdc4vA1xvp, Session data: Session {
  cookie: {
    path: '/',
    _expires: 2025-10-31T19:52:13.228Z,
    originalMaxAge: 86399999,
    httpOnly: true,
    secure: false,
    sameSite: 'lax'
  }
}
3:52:15 PM [express] GET /api/credit-line/details 401 in 1ms :: {"message":"Not authenticated"}
Session ID: nDULxEr1g7TIAMBJTvv2FwRdc4vA1xvp, Session data: Session {
  cookie: {
    path: '/',
    _expires: 2025-10-31T19:52:15.808Z,
    originalMaxAge: 86399999,
    httpOnly: true,
    secure: false,
    sameSite: 'lax'
  }
}
3:52:43 PM [express] GET /api/portfolio 401 in 1ms :: {"message":"Not authenticated"}
Session ID: nDULxEr1g7TIAMBJTvv2FwRdc4vA1xvp, Session data: Session {
  cookie: {
    path: '/',
    _expires: 2025-10-31T19:52:43.250Z,
    originalMaxAge: 86399999,
    httpOnly: true,
    secure: false,
    sameSite: 'lax'
  }
}
3:52:44 PM [express] GET /api/portfolio 401 in 0ms :: {"message":"Not authenticated"}
Session ID: nDULxEr1g7TIAMBJTvv2FwRdc4vA1xvp, Session data: Session {
  cookie: {
    path: '/',
    _expires: 2025-10-31T19:52:44.262Z,
    originalMaxAge: 86399999,
    httpOnly: true,
    secure: false,
    sameSite: 'lax'
  }
}
3:52:45 PM [express] GET /api/credit-line/details 401 in 1ms :: {"message":"Not authenticated"}
Session ID: nDULxEr1g7TIAMBJTvv2FwRdc4vA1xvp, Session data: Session {
  cookie: {
    path: '/',
    _expires: 2025-10-31T19:52:45.820Z,
    originalMaxAge: 86399999,
    httpOnly: true,
    secure: false,
    sameSite: 'lax'
  }
}
3:52:46 PM [express] GET /api/portfolio 401 in 2ms :: {"message":"Not authenticated"}
Session ID: nDULxEr1g7TIAMBJTvv2FwRdc4vA1xvp, Session data: Session {
  cookie: {
    path: '/',
    _expires: 2025-10-31T19:52:46.275Z,
    originalMaxAge: 86399999,
    httpOnly: true,
    secure: false,
    sameSite: 'lax'
  }
}
3:52:50 PM [express] GET /api/portfolio 401 in 0ms :: {"message":"Not authenticated"}
🧹 Rate limiter cleanup: removed 0 expired entries
🧹 Rate limiter cleanup: removed 0 expired entries
🧹 Rate limiter cleanup: removed 0 expired entries
Session ID: nDULxEr1g7TIAMBJTvv2FwRdc4vA1xvp, Session data: Session {
  cookie: {
    path: '/',
    _expires: 2025-10-31T19:52:50.297Z,
    originalMaxAge: 86399999,
    httpOnly: true,
    secure: false,
    sameSite: 'lax'
  }
}
3:53:15 PM [express] GET /api/credit-line/details 401 in 1ms :: {"message":"Not authenticated"}
Session ID: nDULxEr1g7TIAMBJTvv2FwRdc4vA1xvp, Session data: Session {
  cookie: {
    path: '/',
    _expires: 2025-10-31T19:53:15.841Z,
    originalMaxAge: 86399999,
    httpOnly: true,
    secure: false,
    sameSite: 'lax'
  }
}
3:53:20 PM [express] GET /api/portfolio 401 in 1ms :: {"message":"Not authenticated"}
Session ID: nDULxEr1g7TIAMBJTvv2FwRdc4vA1xvp, Session data: Session {
  cookie: {
    path: '/',
    _expires: 2025-10-31T19:53:20.317Z,
    originalMaxAge: 86399999,
    httpOnly: true,
    secure: false,
    sameSite: 'lax'
  }
}
3:53:21 PM [express] GET /api/portfolio 401 in 0ms :: {"message":"Not authenticated"}
Session ID: nDULxEr1g7TIAMBJTvv2FwRdc4vA1xvp, Session data: Session {
  cookie: {
    path: '/',
    _expires: 2025-10-31T19:53:21.331Z,
    originalMaxAge: 86399999,
    httpOnly: true,
    secure: false,
    sameSite: 'lax'
  }
}
3:53:23 PM [express] GET /api/portfolio 401 in 0ms :: {"message":"Not authenticated"}
Session ID: nDULxEr1g7TIAMBJTvv2FwRdc4vA1xvp, Session data: Session {
  cookie: {
    path: '/',
    _expires: 2025-10-31T19:53:23.344Z,
    originalMaxAge: 86399999,
    httpOnly: true,
    secure: false,
    sameSite: 'lax'
  }
}
3:53:27 PM [express] GET /api/portfolio 401 in 0ms :: {"message":"Not authenticated"}
Session ID: nDULxEr1g7TIAMBJTvv2FwRdc4vA1xvp, Session data: Session {
  cookie: {
    path: '/',
    _expires: 2025-10-31T19:53:27.366Z,
    originalMaxAge: 86399999,
    httpOnly: true,
    secure: false,
    sameSite: 'lax'
  }
}
3:53:45 PM [express] GET /api/credit-line/details 401 in 1ms :: {"message":"Not authenticated"}
Session ID: nDULxEr1g7TIAMBJTvv2FwRdc4vA1xvp, Session data: Session {
  cookie: {
    path: '/',
    _expires: 2025-10-31T19:53:45.862Z,
    originalMaxAge: 86399999,
    httpOnly: true,
    secure: false,
    sameSite: 'lax'
  }
}
3:53:57 PM [express] GET /api/portfolio 401 in 0ms :: {"message":"Not authenticated"}
Session ID: nDULxEr1g7TIAMBJTvv2FwRdc4vA1xvp, Session data: Session {
  cookie: {
    path: '/',
    _expires: 2025-10-31T19:53:57.413Z,
    originalMaxAge: 86399999,
    httpOnly: true,
    secure: false,
    sameSite: 'lax'
  }
}
3:53:58 PM [express] GET /api/portfolio 401 in 2ms :: {"message":"Not authenticated"}
Session ID: nDULxEr1g7TIAMBJTvv2FwRdc4vA1xvp, Session data: Session {
  cookie: {
    path: '/',
    _expires: 2025-10-31T19:53:58.427Z,
    originalMaxAge: 86399999,
    httpOnly: true,
    secure: false,
    sameSite: 'lax'
  }
}
3:54:00 PM [express] GET /api/portfolio 401 in 1ms :: {"message":"Not authenticated"}
Session ID: nDULxEr1g7TIAMBJTvv2FwRdc4vA1xvp, Session data: Session {
  cookie: {
    path: '/',
    _expires: 2025-10-31T19:54:00.441Z,
    originalMaxAge: 86399999,
    httpOnly: true,
    secure: false,
    sameSite: 'lax'
  }
}
3:54:04 PM [express] GET /api/portfolio 401 in 1ms :: {"message":"Not authenticated"}
Session ID: nDULxEr1g7TIAMBJTvv2FwRdc4vA1xvp, Session data: Session {
  cookie: {
    path: '/',
    _expires: 2025-10-31T19:54:04.461Z,
    originalMaxAge: 86399999,
    httpOnly: true,
    secure: false,
    sameSite: 'lax'
  }
}
3:54:15 PM [express] GET /api/credit-line/details 401 in 1ms :: {"message":"Not authenticated"}
Session ID: nDULxEr1g7TIAMBJTvv2FwRdc4vA1xvp, Session data: Session {
  cookie: {
    path: '/',
    _expires: 2025-10-31T19:54:15.883Z,
    originalMaxAge: 86399999,
    httpOnly: true,
    secure: false,
    sameSite: 'lax'
  }
}
3:54:34 PM [express] GET /api/portfolio 401 in 1ms :: {"message":"Not authenticated"}
Session ID: nDULxEr1g7TIAMBJTvv2FwRdc4vA1xvp, Session data: Session {
  cookie: {
    path: '/',
    _expires: 2025-10-31T19:54:34.488Z,
    originalMaxAge: 86399999,
    httpOnly: true,
    secure: false,
    sameSite: 'lax'
  }
}
3:54:35 PM [express] GET /api/portfolio 401 in 1ms :: {"message":"Not authenticated"}
Session ID: nDULxEr1g7TIAMBJTvv2FwRdc4vA1xvp, Session data: Session {
  cookie: {
    path: '/',
    _expires: 2025-10-31T19:54:35.502Z,
    originalMaxAge: 86399999,
    httpOnly: true,
    secure: false,
    sameSite: 'lax'
  }
}
3:54:37 PM [express] GET /api/portfolio 401 in 1ms :: {"message":"Not authenticated"}
Session ID: nDULxEr1g7TIAMBJTvv2FwRdc4vA1xvp, Session data: Session {
  cookie: {
    path: '/',
    _expires: 2025-10-31T19:54:37.514Z,
    originalMaxAge: 86399999,
    httpOnly: true,
    secure: false,
    sameSite: 'lax'
  }
}
3:54:41 PM [express] GET /api/portfolio 401 in 1ms :: {"message":"Not authenticated"}
Session ID: nDULxEr1g7TIAMBJTvv2FwRdc4vA1xvp, Session data: Session {
  cookie: {
    path: '/',
    _expires: 2025-10-31T19:54:41.535Z,
    originalMaxAge: 86399999,
    httpOnly: true,
    secure: false,
    sameSite: 'lax'
  }
}
3:54:45 PM [express] GET /api/credit-line/details 401 in 0ms :: {"message":"Not authenticated"}
Session ID: nDULxEr1g7TIAMBJTvv2FwRdc4vA1xvp, Session data: Session {
  cookie: {
    path: '/',
    _expires: 2025-10-31T19:54:45.904Z,
    originalMaxAge: 86399999,
    httpOnly: true,
    secure: false,
    sameSite: 'lax'
  }
}
3:55:11 PM [express] GET /api/portfolio 401 in 1ms :: {"message":"Not authenticated"}
Session ID: nDULxEr1g7TIAMBJTvv2FwRdc4vA1xvp, Session data: Session {
  cookie: {
    path: '/',
    _expires: 2025-10-31T19:55:11.557Z,
    originalMaxAge: 86399999,
    httpOnly: true,
    secure: false,
    sameSite: 'lax'
  }
}
3:55:12 PM [express] GET /api/portfolio 401 in 1ms :: {"message":"Not authenticated"}
Session ID: nDULxEr1g7TIAMBJTvv2FwRdc4vA1xvp, Session data: Session {
  cookie: {
    path: '/',
    _expires: 2025-10-31T19:55:12.570Z,
    originalMaxAge: 86399999,
    httpOnly: true,
    secure: false,
    sameSite: 'lax'
  }
}
3:55:14 PM [express] GET /api/portfolio 401 in 1ms :: {"message":"Not authenticated"}
Session ID: nDULxEr1g7TIAMBJTvv2FwRdc4vA1xvp, Session data: Session {
  cookie: {
    path: '/',
    _expires: 2025-10-31T19:55:14.583Z,
    originalMaxAge: 86399999,
    httpOnly: true,
    secure: false,
    sameSite: 'lax'
  }
}
3:55:15 PM [express] GET /api/credit-line/details 401 in 1ms :: {"message":"Not authenticated"}
Session ID: nDULxEr1g7TIAMBJTvv2FwRdc4vA1xvp, Session data: Session {
  cookie: {
    path: '/',
    _expires: 2025-10-31T19:55:15.917Z,
    originalMaxAge: 86399999,
    httpOnly: true,
    secure: false,
    sameSite: 'lax'
  }
}
3:55:18 PM [express] GET /api/portfolio 401 in 1ms :: {"message":"Not authenticated"}
Session ID: nDULxEr1g7TIAMBJTvv2FwRdc4vA1xvp, Session data: Session {
  cookie: {
    path: '/',
    _expires: 2025-10-31T19:55:18.596Z,
    originalMaxAge: 86399999,
    httpOnly: true,
    secure: false,
    sameSite: 'lax'
  }
}
3:55:45 PM [express] GET /api/credit-line/details 401 in 1ms :: {"message":"Not authenticated"}
Session ID: nDULxEr1g7TIAMBJTvv2FwRdc4vA1xvp, Session data: Session {
  cookie: {
    path: '/',
    _expires: 2025-10-31T19:55:45.938Z,
    originalMaxAge: 86399999,
    httpOnly: true,
    secure: false,
    sameSite: 'lax'
  }
}
3:55:48 PM [express] GET /api/portfolio 401 in 0ms :: {"message":"Not authenticated"}
Session ID: nDULxEr1g7TIAMBJTvv2FwRdc4vA1xvp, Session data: Session {
  cookie: {
    path: '/',
    _expires: 2025-10-31T19:55:48.610Z,
    originalMaxAge: 86399999,
    httpOnly: true,
    secure: false,
    sameSite: 'lax'
  }
}
3:55:49 PM [express] GET /api/portfolio 401 in 0ms :: {"message":"Not authenticated"}
Session ID: nDULxEr1g7TIAMBJTvv2FwRdc4vA1xvp, Session data: Session {
  cookie: {
    path: '/',
    _expires: 2025-10-31T19:55:49.624Z,
    originalMaxAge: 86399999,
    httpOnly: true,
    secure: false,
    sameSite: 'lax'
  }
}
3:55:51 PM [express] GET /api/portfolio 401 in 1ms :: {"message":"Not authenticated"}
Session ID: nDULxEr1g7TIAMBJTvv2FwRdc4vA1xvp, Session data: Session {
  cookie: {
    path: '/',
    _expires: 2025-10-31T19:55:51.636Z,
    originalMaxAge: 86399999,
    httpOnly: true,
    secure: false,
    sameSite: 'lax'
  }
}
3:55:55 PM [express] GET /api/portfolio 401 in 1ms :: {"message":"Not authenticated"}
Session ID: nDULxEr1g7TIAMBJTvv2FwRdc4vA1xvp, Session data: Session {
  cookie: {
    path: '/',
    _expires: 2025-10-31T19:55:55.657Z,
    originalMaxAge: 86399999,
    httpOnly: true,
    secure: false,
    sameSite: 'lax'
  }
}
3:56:15 PM [express] GET /api/credit-line/details 401 in 1ms :: {"message":"Not authenticated"}
Session ID: nDULxEr1g7TIAMBJTvv2FwRdc4vA1xvp, Session data: Session {
  cookie: {
    path: '/',
    _expires: 2025-10-31T19:56:15.959Z,
    originalMaxAge: 86399999,
    httpOnly: true,
    secure: false,
    sameSite: 'lax'
  }
}
3:56:25 PM [express] GET /api/portfolio 401 in 1ms :: {"message":"Not authenticated"}
Session ID: nDULxEr1g7TIAMBJTvv2FwRdc4vA1xvp, Session data: Session {
  cookie: {
    path: '/',
    _expires: 2025-10-31T19:56:25.679Z,
    originalMaxAge: 86399999,
    httpOnly: true,
    secure: false,
    sameSite: 'lax'
  }
}
3:56:26 PM [express] GET /api/portfolio 401 in 1ms :: {"message":"Not authenticated"}
Session ID: nDULxEr1g7TIAMBJTvv2FwRdc4vA1xvp, Session data: Session {
  cookie: {
    path: '/',
    _expires: 2025-10-31T19:56:26.692Z,
    originalMaxAge: 86399999,
    httpOnly: true,
    secure: false,
    sameSite: 'lax'
  }
}
3:56:28 PM [express] GET /api/portfolio 401 in 1ms :: {"message":"Not authenticated"}
Session ID: nDULxEr1g7TIAMBJTvv2FwRdc4vA1xvp, Session data: Session {
  cookie: {
    path: '/',
    _expires: 2025-10-31T19:56:28.706Z,
    originalMaxAge: 86399999,
    httpOnly: true,
    secure: false,
    sameSite: 'lax'
  }
}
3:56:32 PM [express] GET /api/portfolio 401 in 0ms :: {"message":"Not authenticated"}
Session ID: nDULxEr1g7TIAMBJTvv2FwRdc4vA1xvp, Session data: Session {
  cookie: {
    path: '/',
    _expires: 2025-10-31T19:56:32.725Z,
    originalMaxAge: 86399999,
    httpOnly: true,
    secure: false,
    sameSite: 'lax'
  }
}
3:56:45 PM [express] GET /api/credit-line/details 401 in 0ms :: {"message":"Not authenticated"}
Session ID: rzz_KCaj4ZFOGA8KiF9eLdd1hukD7UVm, Session data: Session {
  cookie: {
    path: '/',
    _expires: 2025-10-31T19:57:04.822Z,
    originalMaxAge: 86400000,
    httpOnly: true,
    secure: false,
    sameSite: 'lax'
  }
}
3:57:05 PM [express] POST /api/auth/login 200 in 240ms :: {"success":true,"message":"Login successfu…
Session ID: nDULxEr1g7TIAMBJTvv2FwRdc4vA1xvp, Session data: Session {
  cookie: {
    path: '/',
    _expires: 2025-10-31T19:56:45.980Z,
    originalMaxAge: 86399999,
    httpOnly: true,
    secure: false,
    sameSite: 'lax'
  }
}
3:57:05 PM [express] GET /api/portfolio 401 in 1ms :: {"message":"Not authenticated"}
Session ID: qcptzu2edSs5xZ_s-omytJg79bxrKKYg, Session data: Session {
  cookie: {
    path: '/',
    _expires: 2025-10-31T19:57:21.357Z,
    originalMaxAge: 86400000,
    httpOnly: true,
    secure: false,
    sameSite: 'lax'
  }
}
3:57:21 PM [express] POST /api/auth/login 200 in 242ms :: {"success":true,"message":"Login successfu…
Session ID: nDULxEr1g7TIAMBJTvv2FwRdc4vA1xvp, Session data: Session {
  cookie: {
    path: '/',
    _expires: 2025-10-31T19:57:05.775Z,
    originalMaxAge: 86399999,
    httpOnly: true,
    secure: false,
    sameSite: 'lax'
  }
}
3:57:39 PM [express] GET /api/portfolio 401 in 0ms :: {"message":"Not authenticated"}
Session ID: nDULxEr1g7TIAMBJTvv2FwRdc4vA1xvp, Session data: Session {
  cookie: {
    path: '/',
    _expires: 2025-10-31T19:57:39.817Z,
    originalMaxAge: 86399999,
    httpOnly: true,
    secure: false,
    sameSite: 'lax'
  }
}
3:57:40 PM [express] GET /api/portfolio 401 in 0ms :: {"message":"Not authenticated"}
Session ID: nDULxEr1g7TIAMBJTvv2FwRdc4vA1xvp, Session data: Session {
  cookie: {
    path: '/',
    _expires: 2025-10-31T19:57:40.832Z,
    originalMaxAge: 86399999,
    httpOnly: true,
    secure: false,
    sameSite: 'lax'
  }
}
3:57:42 PM [express] GET /api/portfolio 401 in 0ms :: {"message":"Not authenticated"}
Session ID: 3F-UsuKo5wcGuTNfuNU6L6ogbYHPOJe4, Session data: Session {
  cookie: {
    path: '/',
    _expires: 2025-10-31T19:57:44.631Z,
    originalMaxAge: 86400000,
    httpOnly: true,
    secure: false,
    sameSite: 'lax'
  }
}
3:57:44 PM [express] GET /api/revolving-credit/account 404 in 0ms :: {"message":"API endpoint not fo…
Session ID: nDULxEr1g7TIAMBJTvv2FwRdc4vA1xvp, Session data: Session {
  cookie: {
    path: '/',
    _expires: 2025-10-31T19:57:42.846Z,
    originalMaxAge: 86399999,
    httpOnly: true,
    secure: false,
    sameSite: 'lax'
  }
}
3:57:46 PM [express] GET /api/credit-line/details 401 in 1ms :: {"message":"Not authenticated"}
Session ID: nDULxEr1g7TIAMBJTvv2FwRdc4vA1xvp, Session data: Session {
  cookie: {
    path: '/',
    _expires: 2025-10-31T19:57:46.025Z,
    originalMaxAge: 86399999,
    httpOnly: true,
    secure: false,
    sameSite: 'lax'
  }
}
3:57:46 PM [express] GET /api/portfolio 401 in 1ms :: {"message":"Not authenticated"}
Session ID: c-TOitjGDB85RX34iUEgTUfdxzGTv4L5, Session data: Session {
  cookie: {
    path: '/',
    _expires: 2025-10-31T19:58:08.057Z,
    originalMaxAge: 86400000,
    httpOnly: true,
    secure: false,
    sameSite: 'lax'
  }
}
3:58:08 PM [express] GET /api/revolving-credit/account 404 in 0ms :: {"message":"API endpoint not fo…
🧹 Rate limiter cleanup: removed 0 expired entries
🧹 Rate limiter cleanup: removed 0 expired entries
🧹 Rate limiter cleanup: removed 0 expired entries
Session ID: nDULxEr1g7TIAMBJTvv2FwRdc4vA1xvp, Session data: Session {
  cookie: {
    path: '/',
    _expires: 2025-10-31T19:57:46.859Z,
    originalMaxAge: 86399999,
    httpOnly: true,
    secure: false,
    sameSite: 'lax'
  }
}
3:58:17 PM [express] GET /api/portfolio 401 in 1ms :: {"message":"Not authenticated"}
Session ID: nDULxEr1g7TIAMBJTvv2FwRdc4vA1xvp, Session data: Session {
  cookie: {
    path: '/',
    _expires: 2025-10-31T19:58:17.887Z,
    originalMaxAge: 86399999,
    httpOnly: true,
    secure: false,
    sameSite: 'lax'
  }
}
3:58:19 PM [express] GET /api/portfolio 401 in 1ms :: {"message":"Not authenticated"}
Session ID: nDULxEr1g7TIAMBJTvv2FwRdc4vA1xvp, Session data: Session {
  cookie: {
    path: '/',
    _expires: 2025-10-31T19:58:19.900Z,
    originalMaxAge: 86399999,
    httpOnly: true,
    secure: false,
    sameSite: 'lax'
  }
}
3:58:23 PM [express] GET /api/portfolio 401 in 0ms :: {"message":"Not authenticated"}
Session ID: nDULxEr1g7TIAMBJTvv2FwRdc4vA1xvp, Session data: Session {
  cookie: {
    path: '/',
    _expires: 2025-10-31T19:58:23.921Z,
    originalMaxAge: 86399999,
    httpOnly: true,
    secure: false,
    sameSite: 'lax'
  }
}
3:58:46 PM [express] GET /api/credit-line/details 401 in 0ms :: {"message":"Not authenticated"}
Session ID: nDULxEr1g7TIAMBJTvv2FwRdc4vA1xvp, Session data: Session {
  cookie: {
    path: '/',
    _expires: 2025-10-31T19:58:46.068Z,
    originalMaxAge: 86399999,
    httpOnly: true,
    secure: false,
    sameSite: 'lax'
  }
}
3:58:54 PM [express] GET /api/portfolio 401 in 1ms :: {"message":"Not authenticated"}
Session ID: nDULxEr1g7TIAMBJTvv2FwRdc4vA1xvp, Session data: Session {
  cookie: {
    path: '/',
    _expires: 2025-10-31T19:58:54.953Z,
    originalMaxAge: 86399999,
    httpOnly: true,
    secure: false,
    sameSite: 'lax'
  }
}
3:59:16 PM [express] GET /api/credit-line/details 401 in 1ms :: {"message":"Not authenticated"}
Session ID: nDULxEr1g7TIAMBJTvv2FwRdc4vA1xvp, Session data: Session {
  cookie: {
    path: '/',
    _expires: 2025-10-31T19:59:16.090Z,
    originalMaxAge: 86399999,
    httpOnly: true,
    secure: false,
    sameSite: 'lax'
  }
}
3:59:31 PM [express] GET /api/portfolio 401 in 0ms :: {"message":"Not authenticated"}
Session ID: VwTRLTpiEk8BnR_jyr3JkiQTky7ELZi6, Session data: Session {
  cookie: {
    path: '/',
    _expires: 2025-10-31T19:59:33.830Z,
    originalMaxAge: 86400000,
    httpOnly: true,
    secure: false,
    sameSite: 'lax'
  }
}
3:59:33 PM [express] GET /api/revolving-credit/account 404 in 1ms :: {"message":"API endpoint not fo…
Session ID: nDULxEr1g7TIAMBJTvv2FwRdc4vA1xvp, Session data: Session {
  cookie: {
    path: '/',
    _expires: 2025-10-31T19:59:31.007Z,
    originalMaxAge: 86399999,
    httpOnly: true,
    secure: false,
    sameSite: 'lax'
  }
}
3:59:34 PM [express] GET /api/portfolio 401 in 1ms :: {"message":"Not authenticated"}
Session ID: nDULxEr1g7TIAMBJTvv2FwRdc4vA1xvp, Session data: Session {
  cookie: {
    path: '/',
    _expires: 2025-10-31T19:59:34.035Z,
    originalMaxAge: 86399999,
    httpOnly: true,
    secure: false,
    sameSite: 'lax'
  }
}
3:59:38 PM [express] GET /api/portfolio 401 in 1ms :: {"message":"Not authenticated"}
Session ID: wMUiU-NfCEwJ16nQlVdJJQdnuaM6ZHHs, Session data: Session {
  cookie: {
    path: '/',
    _expires: 2025-10-31T19:59:41.861Z,
    originalMaxAge: 86400000,
    httpOnly: true,
    secure: false,
    sameSite: 'lax'
  }
}
3:59:41 PM [express] GET /api/revolving-credit/account 404 in 1ms :: {"message":"API endpoint not fo…
Session ID: nDULxEr1g7TIAMBJTvv2FwRdc4vA1xvp, Session data: Session {
  cookie: {
    path: '/',
    _expires: 2025-10-31T19:59:38.056Z,
    originalMaxAge: 86399999,
    httpOnly: true,
    secure: false,
    sameSite: 'lax'
  }
}
3:59:46 PM [express] GET /api/credit-line/details 401 in 1ms :: {"message":"Not authenticated"}
Session ID: nDULxEr1g7TIAMBJTvv2FwRdc4vA1xvp, Session data: Session {
  cookie: {
    path: '/',
    _expires: 2025-10-31T19:59:46.110Z,
    originalMaxAge: 86399999,
    httpOnly: true,
    secure: false,
    sameSite: 'lax'
  }
}
4:00:46 PM [express] GET /api/credit-line/details 401 in 1ms :: {"message":"Not authenticated"}
Session ID: nDULxEr1g7TIAMBJTvv2FwRdc4vA1xvp, Session data: Session {
  cookie: {
    path: '/',
    _expires: 2025-10-31T20:00:46.136Z,
    originalMaxAge: 86399999,
    httpOnly: true,
    secure: false,
    sameSite: 'lax'
  }
}
4:00:52 PM [express] GET /api/portfolio 401 in 1ms :: {"message":"Not authenticated"}
Session ID: nDULxEr1g7TIAMBJTvv2FwRdc4vA1xvp, Session data: Session {
  cookie: {
    path: '/',
    _expires: 2025-10-31T20:00:52.188Z,
    originalMaxAge: 86399999,
    httpOnly: true,
    secure: false,
    sameSite: 'lax'
  }
}
4:01:16 PM [express] GET /api/credit-line/details 401 in 1ms :: {"message":"Not authenticated"}
Session ID: nDULxEr1g7TIAMBJTvv2FwRdc4vA1xvp, Session data: Session {
  cookie: {
    path: '/',
    _expires: 2025-10-31T20:01:16.159Z,
    originalMaxAge: 86399999,
    httpOnly: true,
    secure: false,
    sameSite: 'lax'
  }
}
4:01:22 PM [express] GET /api/portfolio 401 in 1ms :: {"message":"Not authenticated"}
Session ID: nDULxEr1g7TIAMBJTvv2FwRdc4vA1xvp, Session data: Session {
  cookie: {
    path: '/',
    _expires: 2025-10-31T20:01:22.210Z,
    originalMaxAge: 86399999,
    httpOnly: true,
    secure: false,
    sameSite: 'lax'
  }
}
4:01:59 PM [express] GET /api/portfolio 401 in 1ms :: {"message":"Not authenticated"}
Session ID: a2rb3qEYs4LjJpv8xmp2U8_p4xb6MlGL, Session data: Session {
  cookie: {
    path: '/',
    _expires: 2025-10-31T20:02:29.407Z,
    originalMaxAge: 86400000,
    httpOnly: true,
    secure: false,
    sameSite: 'lax'
  }
}
4:02:29 PM [express] GET /api/revolving-credit/eligible-receipts 404 in 1ms :: {"message":"API endpo…
🧹 Rate limiter cleanup: removed 0 expired entries
🧹 Rate limiter cleanup: removed 0 expired entries
🧹 Rate limiter cleanup: removed 0 expired entries
Session ID: nDULxEr1g7TIAMBJTvv2FwRdc4vA1xvp, Session data: Session {
  cookie: {
    path: '/',
    _expires: 2025-10-31T20:01:59.279Z,
    originalMaxAge: 86399999,
    httpOnly: true,
    secure: false,
    sameSite: 'lax'
  }
}
4:03:46 PM [express] GET /api/credit-line/details 401 in 1ms :: {"message":"Not authenticated"}
Session ID: nDULxEr1g7TIAMBJTvv2FwRdc4vA1xvp, Session data: Session {
  cookie: {
    path: '/',
    _expires: 2025-10-31T20:03:46.257Z,
    originalMaxAge: 86399999,
    httpOnly: true,
    secure: false,
    sameSite: 'lax'
  }
}
4:03:51 PM [express] GET /api/portfolio 401 in 1ms :: {"message":"Not authenticated"}
Session ID: cSbMfRfJil30l60jXUeTBc2knIIYRPe1, Session data: Session {
  cookie: {
    path: '/',
    _expires: 2025-10-31T20:04:04.213Z,
    originalMaxAge: 86400000,
    httpOnly: true,
    secure: false,
    sameSite: 'lax'
  }
}
4:04:04 PM [express] POST /api/auth/login 200 in 242ms :: {"success":true,"message":"Login successfu…
Session ID: nDULxEr1g7TIAMBJTvv2FwRdc4vA1xvp, Session data: Session {
  cookie: {
    path: '/',
    _expires: 2025-10-31T20:03:51.508Z,
    originalMaxAge: 86399999,
    httpOnly: true,
    secure: false,
    sameSite: 'lax'
  }
}
4:04:16 PM [express] GET /api/credit-line/details 401 in 0ms :: {"message":"Not authenticated"}
Session ID: nDULxEr1g7TIAMBJTvv2FwRdc4vA1xvp, Session data: Session {
  cookie: {
    path: '/',
    _expires: 2025-10-31T20:04:16.279Z,
    originalMaxAge: 86399999,
    httpOnly: true,
    secure: false,
    sameSite: 'lax'
  }
}
4:04:46 PM [express] GET /api/credit-line/details 401 in 0ms :: {"message":"Not authenticated"}
Session ID: KJt1EXKyeSpo8HiZVo9RTksWUcBZ6Lxy, Session data: Session {
  cookie: {
    path: '/',
    _expires: 2025-10-31T20:04:54.788Z,
    originalMaxAge: 86400000,
    httpOnly: true,
    secure: false,
    sameSite: 'lax'
  }
}
4:04:54 PM [express] GET /api/revolving-credit/account 404 in 0ms :: {"message":"API endpoint not fo…
Session ID: u9IuoLgLsWNODnPRALHoG9c5sqVgATaw, Session data: Session {
  cookie: {
    path: '/',
    _expires: 2025-10-31T20:04:54.843Z,
    originalMaxAge: 86400000,
    httpOnly: true,
    secure: false,
    sameSite: 'lax'
  }
}
4:04:54 PM [express] GET /api/revolving-credit/transactions 404 in 1ms :: {"message":"API endpoint n…
Session ID: TqxY8Z_FHki5qoGo7UMBFPym8SkzTTr2, Session data: Session {
  cookie: {
    path: '/',
    _expires: 2025-10-31T20:04:54.869Z,
    originalMaxAge: 86400000,
    httpOnly: true,
    secure: false,
    sameSite: 'lax'
  }
}
4:04:54 PM [express] GET /api/revolving-credit/interest-history 404 in 1ms :: {"message":"API endpoi…
Session ID: nDULxEr1g7TIAMBJTvv2FwRdc4vA1xvp, Session data: Session {
  cookie: {
    path: '/',
    _expires: 2025-10-31T20:04:46.300Z,
    originalMaxAge: 86399999,
    httpOnly: true,
    secure: false,
    sameSite: 'lax'
  }
}
4:05:05 PM [express] GET /api/portfolio 401 in 1ms :: {"message":"Not authenticated"}
Session ID: nDULxEr1g7TIAMBJTvv2FwRdc4vA1xvp, Session data: Session {
  cookie: {
    path: '/',
    _expires: 2025-10-31T20:05:05.654Z,
    originalMaxAge: 86399999,
    httpOnly: true,
    secure: false,
    sameSite: 'lax'
  }
}
4:05:07 PM [express] GET /api/portfolio 401 in 0ms :: {"message":"Not authenticated"}
Session ID: nDULxEr1g7TIAMBJTvv2FwRdc4vA1xvp, Session data: Session {
  cookie: {
    path: '/',
    _expires: 2025-10-31T20:05:07.667Z,
    originalMaxAge: 86399999,
    httpOnly: true,
    secure: false,
    sameSite: 'lax'
  }
}
4:05:11 PM [express] GET /api/portfolio 401 in 1ms :: {"message":"Not authenticated"}
Session ID: nDULxEr1g7TIAMBJTvv2FwRdc4vA1xvp, Session data: Session {
  cookie: {
    path: '/',
    _expires: 2025-10-31T20:05:11.686Z,
    originalMaxAge: 86399999,
    httpOnly: true,
    secure: false,
    sameSite: 'lax'
  }
}
4:05:41 PM [express] GET /api/portfolio 401 in 0ms :: {"message":"Not authenticated"}
Session ID: nDULxEr1g7TIAMBJTvv2FwRdc4vA1xvp, Session data: Session {
  cookie: {
    path: '/',
    _expires: 2025-10-31T20:05:41.709Z,
    originalMaxAge: 86399999,
    httpOnly: true,
    secure: false,
    sameSite: 'lax'
  }
}
4:05:42 PM [express] GET /api/portfolio 401 in 1ms :: {"message":"Not authenticated"}
Session ID: YhGl9Zk3Hjh3VnEGDQnC9FO0rkjkFWtt, Session data: Session {
  cookie: {
    path: '/',
    _expires: 2025-10-31T20:05:56.970Z,
    originalMaxAge: 86400000,
    httpOnly: true,
    secure: false,
    sameSite: 'lax'
  }
}
4:05:56 PM [express] GET /api/revolving-credit/eligible-receipts 404 in 1ms :: {"message":"API endpo…
Session ID: SVRN0QVmQgZrex2qQaA1xjBigyIcVE9s, Session data: Session {
  cookie: {
    path: '/',
    _expires: 2025-10-31T20:05:56.995Z,
    originalMaxAge: 86400000,
    httpOnly: true,
    secure: false,
    sameSite: 'lax'
  }
}
4:05:56 PM [express] GET /api/revolving-credit/transactions 404 in 0ms :: {"message":"API endpoint n…
Session ID: nDULxEr1g7TIAMBJTvv2FwRdc4vA1xvp, Session data: Session {
  cookie: {
    path: '/',
    _expires: 2025-10-31T20:05:42.722Z,
    originalMaxAge: 86399999,
    httpOnly: true,
    secure: false,
    sameSite: 'lax'
  }
}
4:06:16 PM [express] GET /api/credit-line/details 401 in 0ms :: {"message":"Not authenticated"}
Session ID: nDULxEr1g7TIAMBJTvv2FwRdc4vA1xvp, Session data: Session {
  cookie: {
    path: '/',
    _expires: 2025-10-31T20:06:16.356Z,
    originalMaxAge: 86399999,
    httpOnly: true,
    secure: false,
    sameSite: 'lax'
  }
}
4:06:55 PM [express] GET /api/portfolio 401 in 1ms :: {"message":"Not authenticated"}
Session ID: nDULxEr1g7TIAMBJTvv2FwRdc4vA1xvp, Session data: Session {
  cookie: {
    path: '/',
    _expires: 2025-10-31T20:06:55.839Z,
    originalMaxAge: 86399999,
    httpOnly: true,
    secure: false,
    sameSite: 'lax'
  }
}
4:06:56 PM [express] GET /api/portfolio 401 in 0ms :: {"message":"Not authenticated"}
Session ID: UOWsZpbjsR-xl7SpxK3dVqFvIUBS3oRO, Session data: Session {
  cookie: {
    path: '/',
    _expires: 2025-10-31T20:07:11.847Z,
    originalMaxAge: 86400000,
    httpOnly: true,
    secure: false,
    sameSite: 'lax'
  }
}
4:07:11 PM [express] GET /api/revolving-credit/eligible-receipts 404 in 1ms :: {"message":"API endpo…
Session ID: nDULxEr1g7TIAMBJTvv2FwRdc4vA1xvp, Session data: Session {
  cookie: {
    path: '/',
    _expires: 2025-10-31T20:06:56.853Z,
    originalMaxAge: 86399999,
    httpOnly: true,
    secure: false,
    sameSite: 'lax'
  }
}
4:07:32 PM [express] GET /api/portfolio 401 in 2ms :: {"message":"Not authenticated"}
Session ID: dHN-LdtWcDs7phmJ0tpJn19RMOxAlhIv, Session data: Session {
  cookie: {
    path: '/',
    _expires: 2025-10-31T20:07:37.293Z,
    originalMaxAge: 86400000,
    httpOnly: true,
    secure: false,
    sameSite: 'lax'
  }
}
4:07:37 PM [express] POST /api/revolving-credit/pledge 404 in 1ms :: {"message":"API endpoint not fo…
Session ID: nDULxEr1g7TIAMBJTvv2FwRdc4vA1xvp, Session data: Session {
  cookie: {
    path: '/',
    _expires: 2025-10-31T20:07:32.908Z,
    originalMaxAge: 86399999,
    httpOnly: true,
    secure: false,
    sameSite: 'lax'
  }
}
4:08:10 PM [express] GET /api/portfolio 401 in 1ms :: {"message":"Not authenticated"}
🧹 Rate limiter cleanup: removed 0 expired entries
🧹 Rate limiter cleanup: removed 0 expired entries
🧹 Rate limiter cleanup: removed 0 expired entries
Session ID: nDULxEr1g7TIAMBJTvv2FwRdc4vA1xvp, Session data: Session {
  cookie: {
    path: '/',
    _expires: 2025-10-31T20:08:10.986Z,
    originalMaxAge: 86399999,
    httpOnly: true,
    secure: false,
    sameSite: 'lax'
  }
}
4:08:16 PM [express] GET /api/credit-line/details 401 in 1ms :: {"message":"Not authenticated"}
Session ID: nDULxEr1g7TIAMBJTvv2FwRdc4vA1xvp, Session data: Session {
  cookie: {
    path: '/',
    _expires: 2025-10-31T20:08:16.484Z,
    originalMaxAge: 86399999,
    httpOnly: true,
    secure: false,
    sameSite: 'lax'
  }
}
4:08:50 PM [express] GET /api/portfolio 401 in 1ms :: {"message":"Not authenticated"}
Session ID: nDULxEr1g7TIAMBJTvv2FwRdc4vA1xvp, Session data: Session {
  cookie: {
    path: '/',
    _expires: 2025-10-31T20:08:50.064Z,
    originalMaxAge: 86399999,
    httpOnly: true,
    secure: false,
    sameSite: 'lax'
  }
}
4:08:54 PM [express] GET /api/portfolio 401 in 0ms :: {"message":"Not authenticated"}
Session ID: Rrrjtg4V_uZ7xF9-cvXQwWcd3FlNprcq, Session data: Session {
  cookie: {
    path: '/',
    _expires: 2025-10-31T20:09:17.103Z,
    originalMaxAge: 86400000,
    httpOnly: true,
    secure: false,
    sameSite: 'lax'
  }
}
4:09:17 PM [express] GET /api/revolving-credit/account 404 in 0ms :: {"message":"API endpoint not fo…
Session ID: 1xJr26Ol7p-4t2YUlHXfYORoccJ1cBSw, Session data: Session {
  cookie: {
    path: '/',
    _expires: 2025-10-31T20:09:17.131Z,
    originalMaxAge: 86400000,
    httpOnly: true,
    secure: false,
    sameSite: 'lax'
  }
}
4:09:17 PM [express] POST /api/revolving-credit/pledge-collateral 404 in 1ms :: {"message":"API endp…
Session ID: nDULxEr1g7TIAMBJTvv2FwRdc4vA1xvp, Session data: Session {
  cookie: {
    path: '/',
    _expires: 2025-10-31T20:08:54.084Z,
    originalMaxAge: 86399999,
    httpOnly: true,
    secure: false,
    sameSite: 'lax'
  }
}
4:09:24 PM [express] GET /api/portfolio 401 in 0ms :: {"message":"Not authenticated"}
Session ID: nDULxEr1g7TIAMBJTvv2FwRdc4vA1xvp, Session data: Session {
  cookie: {
    path: '/',
    _expires: 2025-10-31T20:09:24.105Z,
    originalMaxAge: 86399999,
    httpOnly: true,
    secure: false,
    sameSite: 'lax'
  }
}
4:09:27 PM [express] GET /api/portfolio 401 in 2ms :: {"message":"Not authenticated"}
Session ID: nDULxEr1g7TIAMBJTvv2FwRdc4vA1xvp, Session data: Session {
  cookie: {
    path: '/',
    _expires: 2025-10-31T20:09:27.136Z,
    originalMaxAge: 86399999,
    httpOnly: true,
    secure: false,
    sameSite: 'lax'
  }
}
4:09:46 PM [express] GET /api/credit-line/details 401 in 1ms :: {"message":"Not authenticated"}
Session ID: nDULxEr1g7TIAMBJTvv2FwRdc4vA1xvp, Session data: Session {
  cookie: {
    path: '/',
    _expires: 2025-10-31T20:09:46.559Z,
    originalMaxAge: 86399999,
    httpOnly: true,
    secure: false,
    sameSite: 'lax'
  }
}
4:10:04 PM [express] GET /api/portfolio 401 in 0ms :: {"message":"Not authenticated"}
Session ID: nDULxEr1g7TIAMBJTvv2FwRdc4vA1xvp, Session data: Session {
  cookie: {
    path: '/',
    _expires: 2025-10-31T20:10:04.207Z,
    originalMaxAge: 86399999,
    httpOnly: true,
    secure: false,
    sameSite: 'lax'
  }
}
4:10:08 PM [express] GET /api/portfolio 401 in 0ms :: {"message":"Not authenticated"}
Session ID: nDULxEr1g7TIAMBJTvv2FwRdc4vA1xvp, Session data: Session {
  cookie: {
    path: '/',
    _expires: 2025-10-31T20:10:08.228Z,
    originalMaxAge: 86399999,
    httpOnly: true,
    secure: false,
    sameSite: 'lax'
  }
}
4:10:16 PM [express] GET /api/credit-line/details 401 in 1ms :: {"message":"Not authenticated"}
Session ID: sHtN2gfgFyzMBD6cToXYY99R2L9_Kd30, Session data: Session {
  cookie: {
    path: '/',
    _expires: 2025-10-31T20:10:50.938Z,
    originalMaxAge: 86400000,
    httpOnly: true,
    secure: false,
    sameSite: 'lax'
  }
}
4:10:50 PM [express] POST /api/revolving-credit/pledge-collateral 404 in 1ms :: {"message":"API endp…
Session ID: nDULxEr1g7TIAMBJTvv2FwRdc4vA1xvp, Session data: Session {
  cookie: {
    path: '/',
    _expires: 2025-10-31T20:10:16.581Z,
    originalMaxAge: 86399999,
    httpOnly: true,
    secure: false,
    sameSite: 'lax'
  }
}
4:11:15 PM [express] GET /api/portfolio 401 in 0ms :: {"message":"Not authenticated"}
Session ID: nDULxEr1g7TIAMBJTvv2FwRdc4vA1xvp, Session data: Session {
  cookie: {
    path: '/',
    _expires: 2025-10-31T20:11:15.338Z,
    originalMaxAge: 86399999,
    httpOnly: true,
    secure: false,
    sameSite: 'lax'
  }
}
4:11:16 PM [express] GET /api/portfolio 401 in 1ms :: {"message":"Not authenticated"}
Session ID: nDULxEr1g7TIAMBJTvv2FwRdc4vA1xvp, Session data: Session {
  cookie: {
    path: '/',
    _expires: 2025-10-31T20:11:16.352Z,
    originalMaxAge: 86399999,
    httpOnly: true,
    secure: false,
    sameSite: 'lax'
  }
}
4:11:16 PM [express] GET /api/credit-line/details 401 in 1ms :: {"message":"Not authenticated"}
Session ID: nDULxEr1g7TIAMBJTvv2FwRdc4vA1xvp, Session data: Session {
  cookie: {
    path: '/',
    _expires: 2025-10-31T20:11:16.610Z,
    originalMaxAge: 86399999,
    httpOnly: true,
    secure: false,
    sameSite: 'lax'
  }
}
4:11:18 PM [express] GET /api/portfolio 401 in 1ms :: {"message":"Not authenticated"}
Session ID: nDULxEr1g7TIAMBJTvv2FwRdc4vA1xvp, Session data: Session {
  cookie: {
    path: '/',
    _expires: 2025-10-31T20:11:18.366Z,
    originalMaxAge: 86399999,
    httpOnly: true,
    secure: false,
    sameSite: 'lax'
  }
}
4:11:52 PM [express] GET /api/portfolio 401 in 1ms :: {"message":"Not authenticated"}
Session ID: nDULxEr1g7TIAMBJTvv2FwRdc4vA1xvp, Session data: Session {
  cookie: {
    path: '/',
    _expires: 2025-10-31T20:11:52.412Z,
    originalMaxAge: 86399999,
    httpOnly: true,
    secure: false,
    sameSite: 'lax'
  }
}
4:12:32 PM [express] GET /api/portfolio 401 in 1ms :: {"message":"Not authenticated"}
Session ID: nDULxEr1g7TIAMBJTvv2FwRdc4vA1xvp, Session data: Session {
  cookie: {
    path: '/',
    _expires: 2025-10-31T20:12:32.517Z,
    originalMaxAge: 86399999,
    httpOnly: true,
    secure: false,
    sameSite: 'lax'
  }
}
4:12:46 PM [express] GET /api/credit-line/details 401 in 0ms :: {"message":"Not authenticated"}
Session ID: nDULxEr1g7TIAMBJTvv2FwRdc4vA1xvp, Session data: Session {
  cookie: {
    path: '/',
    _expires: 2025-10-31T20:12:46.678Z,
    originalMaxAge: 86399999,
    httpOnly: true,
    secure: false,
    sameSite: 'lax'
  }
}
4:13:09 PM [express] GET /api/portfolio 401 in 0ms :: {"message":"Not authenticated"}
Session ID: Z14qSiixYf_KlMP2IXyQnHfuj02zCODs, Session data: Session {
  cookie: {
    path: '/',
    _expires: 2025-10-31T20:13:11.216Z,
    originalMaxAge: 86400000,
    httpOnly: true,
    secure: false,
    sameSite: 'lax'
  }
}
4:13:11 PM [express] GET /api/revolving-credit/account 404 in 1ms :: {"message":"API endpoint not fo…
🧹 Rate limiter cleanup: removed 0 expired entries
🧹 Rate limiter cleanup: removed 0 expired entries
🧹 Rate limiter cleanup: removed 0 expired entries
Session ID: a4WjAzmiVqyZ_eUZ8v6TLCKTuBoEzv1M, Session data: Session {
  cookie: {
    path: '/',
    _expires: 2025-10-31T20:13:24.842Z,
    originalMaxAge: 86400000,
    httpOnly: true,
    secure: false,
    sameSite: 'lax'
  }
}
4:13:24 PM [express] GET /api/revolving-credit/account 404 in 1ms :: {"message":"API endpoint not fo…
Session ID: nDULxEr1g7TIAMBJTvv2FwRdc4vA1xvp, Session data: Session {
  cookie: {
    path: '/',
    _expires: 2025-10-31T20:13:09.603Z,
    originalMaxAge: 86399999,
    httpOnly: true,
    secure: false,
    sameSite: 'lax'
  }
}
4:13:44 PM [express] GET /api/portfolio 401 in 1ms :: {"message":"Not authenticated"}
Session ID: nDULxEr1g7TIAMBJTvv2FwRdc4vA1xvp, Session data: Session {
  cookie: {
    path: '/',
    _expires: 2025-10-31T20:13:44.665Z,
    originalMaxAge: 86399999,
    httpOnly: true,
    secure: false,
    sameSite: 'lax'
  }
}
4:13:46 PM [express] GET /api/portfolio 401 in 1ms :: {"message":"Not authenticated"}
Session ID: nDULxEr1g7TIAMBJTvv2FwRdc4vA1xvp, Session data: Session {
  cookie: {
    path: '/',
    _expires: 2025-10-31T20:13:46.680Z,
    originalMaxAge: 86399999,
    httpOnly: true,
    secure: false,
    sameSite: 'lax'
  }
}
4:13:46 PM [express] GET /api/credit-line/details 401 in 2ms :: {"message":"Not authenticated"}
Session ID: nDULxEr1g7TIAMBJTvv2FwRdc4vA1xvp, Session data: Session {
  cookie: {
    path: '/',
    _expires: 2025-10-31T20:13:46.713Z,
    originalMaxAge: 86399999,
    httpOnly: true,
    secure: false,
    sameSite: 'lax'
  }
}
4:13:50 PM [express] GET /api/portfolio 401 in 1ms :: {"message":"Not authenticated"}
Session ID: iXMJ81FxcwwBSfx1F3X1dGaL-YNk9kHC, Session data: Session {
  cookie: {
    path: '/',
    _expires: 2025-10-31T20:14:08.733Z,
    originalMaxAge: 86400000,
    httpOnly: true,
    secure: false,
    sameSite: 'lax'
  }
}
4:14:08 PM [express] GET /api/revolving-credit/account 404 in 1ms :: {"message":"API endpoint not fo…
Session ID: 95PoFYs0-OILpRns8kvohVC7Ror39Tpb, Session data: Session {
  cookie: {
    path: '/',
    _expires: 2025-10-31T20:14:08.761Z,
    originalMaxAge: 86400000,
    httpOnly: true,
    secure: false,
    sameSite: 'lax'
  }
}
4:14:08 PM [express] POST /api/revolving-credit/pledge-collateral 404 in 0ms :: {"message":"API endp…
Session ID: HoOgIn58r26XPZzhTV8R8De1o8vk0E5p, Session data: Session {
  cookie: {
    path: '/',
    _expires: 2025-10-31T20:14:08.794Z,
    originalMaxAge: 86400000,
    httpOnly: true,
    secure: false,
    sameSite: 'lax'
  }
}
4:14:08 PM [express] GET /api/revolving-credit/account 404 in 1ms :: {"message":"API endpoint not fo…
Session ID: nDULxEr1g7TIAMBJTvv2FwRdc4vA1xvp, Session data: Session {
  cookie: {
    path: '/',
    _expires: 2025-10-31T20:13:50.702Z,
    originalMaxAge: 86399999,
    httpOnly: true,
    secure: false,
    sameSite: 'lax'
  }
}
4:14:21 PM [express] GET /api/portfolio 401 in 1ms :: {"message":"Not authenticated"}
Session ID: nDULxEr1g7TIAMBJTvv2FwRdc4vA1xvp, Session data: Session {
  cookie: {
    path: '/',
    _expires: 2025-10-31T20:14:21.730Z,
    originalMaxAge: 86399999,
    httpOnly: true,
    secure: false,
    sameSite: 'lax'
  }
}
4:14:27 PM [express] GET /api/portfolio 401 in 1ms :: {"message":"Not authenticated"}
Session ID: TQ1Zq8P5tUkv8GJcb-utZgiWXDAGpr5C, Session data: Session {
  cookie: {
    path: '/',
    _expires: 2025-10-31T20:14:29.155Z,
    originalMaxAge: 86400000,
    httpOnly: true,
    secure: false,
    sameSite: 'lax'
  }
}
4:14:29 PM [express] GET /api/revolving-credit/account 404 in 1ms :: {"message":"API endpoint not fo…
Session ID: JiLvYjwoSnZa91jjSB4e9t2AcS_UMY_G, Session data: Session {
  cookie: {
    path: '/',
    _expires: 2025-10-31T20:14:35.138Z,
    originalMaxAge: 86400000,
    httpOnly: true,
    secure: false,
    sameSite: 'lax'
  }
}
4:14:35 PM [express] GET /api/revolving-credit/test 404 in 1ms :: {"message":"API endpoint not found…
Session ID: nDULxEr1g7TIAMBJTvv2FwRdc4vA1xvp, Session data: Session {
  cookie: {
    path: '/',
    _expires: 2025-10-31T20:14:27.765Z,
    originalMaxAge: 86399999,
    httpOnly: true,
    secure: false,
    sameSite: 'lax'
  }
}
4:14:57 PM [express] GET /api/portfolio 401 in 1ms :: {"message":"Not authenticated"}
Session ID: nDULxEr1g7TIAMBJTvv2FwRdc4vA1xvp, Session data: Session {
  cookie: {
    path: '/',
    _expires: 2025-10-31T20:14:57.786Z,
    originalMaxAge: 86399999,
    httpOnly: true,
    secure: false,
    sameSite: 'lax'
  }
}
4:15:00 PM [express] GET /api/portfolio 401 in 0ms :: {"message":"Not authenticated"}
Session ID: nDULxEr1g7TIAMBJTvv2FwRdc4vA1xvp, Session data: Session {
  cookie: {
    path: '/',
    _expires: 2025-10-31T20:15:00.816Z,
    originalMaxAge: 86399999,
    httpOnly: true,
    secure: false,
    sameSite: 'lax'
  }
}
4:15:16 PM [express] GET /api/credit-line/details 401 in 1ms :: {"message":"Not authenticated"}
Session ID: nDULxEr1g7TIAMBJTvv2FwRdc4vA1xvp, Session data: Session {
  cookie: {
    path: '/',
    _expires: 2025-10-31T20:15:16.780Z,
    originalMaxAge: 86399999,
    httpOnly: true,
    secure: false,
    sameSite: 'lax'
  }
}
4:15:35 PM [express] GET /api/portfolio 401 in 1ms :: {"message":"Not authenticated"}
Session ID: nDULxEr1g7TIAMBJTvv2FwRdc4vA1xvp, Session data: Session {
  cookie: {
    path: '/',
    _expires: 2025-10-31T20:15:35.877Z,
    originalMaxAge: 86399999,
    httpOnly: true,
    secure: false,
    sameSite: 'lax'
  }
}
4:15:41 PM [express] GET /api/portfolio 401 in 1ms :: {"message":"Not authenticated"}
Session ID: nDULxEr1g7TIAMBJTvv2FwRdc4vA1xvp, Session data: Session {
  cookie: {
    path: '/',
    _expires: 2025-10-31T20:15:41.910Z,
    originalMaxAge: 86399999,
    httpOnly: true,
    secure: false,
    sameSite: 'lax'
  }
}
4:15:46 PM [express] GET /api/credit-line/details 401 in 0ms :: {"message":"Not authenticated"}
Session ID: nDULxEr1g7TIAMBJTvv2FwRdc4vA1xvp, Session data: Session {
  cookie: {
    path: '/',
    _expires: 2025-10-31T20:15:46.802Z,
    originalMaxAge: 86399999,
    httpOnly: true,
    secure: false,
    sameSite: 'lax'
  }
}
4:16:11 PM [express] GET /api/portfolio 401 in 1ms :: {"message":"Not authenticated"}
Session ID: nDULxEr1g7TIAMBJTvv2FwRdc4vA1xvp, Session data: Session {
  cookie: {
    path: '/',
    _expires: 2025-10-31T20:16:11.933Z,
    originalMaxAge: 86399999,
    httpOnly: true,
    secure: false,
    sameSite: 'lax'
  }
}
4:16:16 PM [express] GET /api/credit-line/details 401 in 1ms :: {"message":"Not authenticated"}
Session ID: ILKfN0Q11ksv14cJsIZOYFrwT8xAG6M_, Session data: Session {
  cookie: {
    path: '/',
    _expires: 2025-10-31T20:16:44.897Z,
    originalMaxAge: 86400000,
    httpOnly: true,
    secure: false,
    sameSite: 'lax'
  }
}
4:16:45 PM [express] POST /api/auth/login 200 in 240ms :: {"success":true,"message":"Login successfu…
Session ID: C_qEWfn5uxnflLPEShV6CL4lVMKPFFBP, Session data: Session {
  cookie: {
    path: '/',
    _expires: 2025-10-31T20:16:45.173Z,
    originalMaxAge: 86400000,
    httpOnly: true,
    secure: false,
    sameSite: 'lax'
  }
}
4:16:45 PM [express] POST /api/revolving-credit/pledge-collateral 404 in 1ms :: {"message":"API endp…
Session ID: nDULxEr1g7TIAMBJTvv2FwRdc4vA1xvp, Session data: Session {
  cookie: {
    path: '/',
    _expires: 2025-10-31T20:16:16.816Z,
    originalMaxAge: 86399999,
    httpOnly: true,
    secure: false,
    sameSite: 'lax'
  }
}
4:16:48 PM [express] GET /api/portfolio 401 in 1ms :: {"message":"Not authenticated"}
Session ID: nDULxEr1g7TIAMBJTvv2FwRdc4vA1xvp, Session data: Session {
  cookie: {
    path: '/',
    _expires: 2025-10-31T20:16:48.987Z,
    originalMaxAge: 86399999,
    httpOnly: true,
    secure: false,
    sameSite: 'lax'
  }
}
4:16:50 PM [express] GET /api/portfolio 401 in 1ms :: {"message":"Not authenticated"}
Session ID: nDULxEr1g7TIAMBJTvv2FwRdc4vA1xvp, Session data: Session {
  cookie: {
    path: '/',
    _expires: 2025-10-31T20:16:50.001Z,
    originalMaxAge: 86399999,
    httpOnly: true,
    secure: false,
    sameSite: 'lax'
  }
}
4:16:52 PM [express] GET /api/portfolio 401 in 1ms :: {"message":"Not authenticated"}
Session ID: Ibfw6fwRJo6cw4N_bovat8EsZIzJOWnL, Session data: Session {
  cookie: {
    path: '/',
    _expires: 2025-10-31T20:16:54.175Z,
    originalMaxAge: 86400000,
    httpOnly: true,
    secure: false,
    sameSite: 'lax'
  }
}
4:16:54 PM [express] GET /api/revolving-credit/test 404 in 0ms :: {"message":"API endpoint not found…
Session ID: nDULxEr1g7TIAMBJTvv2FwRdc4vA1xvp, Session data: Session {
  cookie: {
    path: '/',
    _expires: 2025-10-31T20:16:52.016Z,
    originalMaxAge: 86399999,
    httpOnly: true,
    secure: false,
    sameSite: 'lax'
  }
}
4:16:56 PM [express] GET /api/portfolio 401 in 1ms :: {"message":"Not authenticated"}
Session ID: nDULxEr1g7TIAMBJTvv2FwRdc4vA1xvp, Session data: Session {
  cookie: {
    path: '/',
    _expires: 2025-10-31T20:16:56.038Z,
    originalMaxAge: 86399999,
    httpOnly: true,
    secure: false,
    sameSite: 'lax'
  }
}
4:17:26 PM [express] GET /api/portfolio 401 in 0ms :: {"message":"Not authenticated"}
Session ID: nDULxEr1g7TIAMBJTvv2FwRdc4vA1xvp, Session data: Session {
  cookie: {
    path: '/',
    _expires: 2025-10-31T20:17:26.062Z,
    originalMaxAge: 86399999,
    httpOnly: true,
    secure: false,
    sameSite: 'lax'
  }
}
4:17:29 PM [express] GET /api/portfolio 401 in 1ms :: {"message":"Not authenticated"}
Session ID: nDULxEr1g7TIAMBJTvv2FwRdc4vA1xvp, Session data: Session {
  cookie: {
    path: '/',
    _expires: 2025-10-31T20:17:29.089Z,
    originalMaxAge: 86399999,
    httpOnly: true,
    secure: false,
    sameSite: 'lax'
  }
}
4:17:46 PM [express] GET /api/credit-line/details 401 in 1ms :: {"message":"Not authenticated"}
Session ID: nDULxEr1g7TIAMBJTvv2FwRdc4vA1xvp, Session data: Session {
  cookie: {
    path: '/',
    _expires: 2025-10-31T20:17:46.888Z,
    originalMaxAge: 86399999,
    httpOnly: true,
    secure: false,
    sameSite: 'lax'
  }
}
4:18:10 PM [express] GET /api/portfolio 401 in 2ms :: {"message":"Not authenticated"}
🧹 Rate limiter cleanup: removed 0 expired entries
🧹 Rate limiter cleanup: removed 0 expired entries
🧹 Rate limiter cleanup: removed 0 expired entries
Session ID: r6_-r6b3RjTl6xfcIhqdglqEzrhbm8tj, Session data: Session {
  cookie: {
    path: '/',
    _expires: 2025-10-31T20:18:14.725Z,
    originalMaxAge: 86400000,
    httpOnly: true,
    secure: false,
    sameSite: 'lax'
  }
}
4:18:14 PM [express] GET /api/revolving-credit/test 404 in 1ms :: {"message":"API endpoint not found…
Session ID: nDULxEr1g7TIAMBJTvv2FwRdc4vA1xvp, Session data: Session {
  cookie: {
    path: '/',
    _expires: 2025-10-31T20:18:10.182Z,
    originalMaxAge: 86399999,
    httpOnly: true,
    secure: false,
    sameSite: 'lax'
  }
}
4:18:16 PM [express] GET /api/credit-line/details 401 in 1ms :: {"message":"Not authenticated"}
Session ID: nDULxEr1g7TIAMBJTvv2FwRdc4vA1xvp, Session data: Session {
  cookie: {
    path: '/',
    _expires: 2025-10-31T20:18:16.911Z,
    originalMaxAge: 86399999,
    httpOnly: true,
    secure: false,
    sameSite: 'lax'
  }
}
4:18:43 PM [express] GET /api/portfolio 401 in 0ms :: {"message":"Not authenticated"}
Session ID: nDULxEr1g7TIAMBJTvv2FwRdc4vA1xvp, Session data: Session {
  cookie: {
    path: '/',
    _expires: 2025-10-31T20:18:43.232Z,
    originalMaxAge: 86399999,
    httpOnly: true,
    secure: false,
    sameSite: 'lax'
  }
}
4:18:46 PM [express] GET /api/credit-line/details 401 in 1ms :: {"message":"Not authenticated"}
Session ID: nDULxEr1g7TIAMBJTvv2FwRdc4vA1xvp, Session data: Session {
  cookie: {
    path: '/',
    _expires: 2025-10-31T20:18:46.934Z,
    originalMaxAge: 86399999,
    httpOnly: true,
    secure: false,
    sameSite: 'lax'
  }
}
4:19:17 PM [express] GET /api/portfolio 401 in 0ms :: {"message":"Not authenticated"}
Session ID: nDULxEr1g7TIAMBJTvv2FwRdc4vA1xvp, Session data: Session {
  cookie: {
    path: '/',
    _expires: 2025-10-31T20:19:17.264Z,
    originalMaxAge: 86399999,
    httpOnly: true,
    secure: false,
    sameSite: 'lax'
  }
}
4:19:18 PM [express] GET /api/portfolio 401 in 1ms :: {"message":"Not authenticated"}
Session ID: nDULxEr1g7TIAMBJTvv2FwRdc4vA1xvp, Session data: Session {
  cookie: {
    path: '/',
    _expires: 2025-10-31T20:19:18.278Z,
    originalMaxAge: 86399999,
    httpOnly: true,
    secure: false,
    sameSite: 'lax'
  }
}
4:19:24 PM [express] GET /api/portfolio 401 in 1ms :: {"message":"Not authenticated"}
Session ID: nDULxEr1g7TIAMBJTvv2FwRdc4vA1xvp, Session data: Session {
  cookie: {
    path: '/',
    _expires: 2025-10-31T20:19:24.315Z,
    originalMaxAge: 86399999,
    httpOnly: true,
    secure: false,
    sameSite: 'lax'
  }
}
4:19:46 PM [express] GET /api/credit-line/details 401 in 0ms :: {"message":"Not authenticated"}
Session ID: nDULxEr1g7TIAMBJTvv2FwRdc4vA1xvp, Session data: Session {
  cookie: {
    path: '/',
    _expires: 2025-10-31T20:19:46.980Z,
    originalMaxAge: 86399999,
    httpOnly: true,
    secure: false,
    sameSite: 'lax'
  }
}
4:19:55 PM [express] GET /api/portfolio 401 in 2ms :: {"message":"Not authenticated"}
Session ID: nDULxEr1g7TIAMBJTvv2FwRdc4vA1xvp, Session data: Session {
  cookie: {
    path: '/',
    _expires: 2025-10-31T20:19:55.357Z,
    originalMaxAge: 86399999,
    httpOnly: true,
    secure: false,
    sameSite: 'lax'
  }
}
4:20:17 PM [express] GET /api/credit-line/details 401 in 0ms :: {"message":"Not authenticated"}
Session ID: nDULxEr1g7TIAMBJTvv2FwRdc4vA1xvp, Session data: Session {
  cookie: {
    path: '/',
    _expires: 2025-10-31T20:20:17.003Z,
    originalMaxAge: 86399999,
    httpOnly: true,
    secure: false,
    sameSite: 'lax'
  }
}
4:20:31 PM [express] GET /api/portfolio 401 in 1ms :: {"message":"Not authenticated"}
Session ID: gQwXfPmRAD-VW_iK7ZbOrpCfPEkv2Yfv, Session data: Session {
  cookie: {
    path: '/',
    _expires: 2025-10-31T20:20:36.401Z,
    originalMaxAge: 86400000,
    httpOnly: true,
    secure: false,
    sameSite: 'lax'
  }
}
4:20:36 PM [express] GET /api/revolving-credit/account 404 in 0ms :: {"message":"API endpoint not fo…
Session ID: nDULxEr1g7TIAMBJTvv2FwRdc4vA1xvp, Session data: Session {
  cookie: {
    path: '/',
    _expires: 2025-10-31T20:20:31.423Z,
    originalMaxAge: 86399999,
    httpOnly: true,
    secure: false,
    sameSite: 'lax'
  }
}
4:20:47 PM [express] GET /api/credit-line/details 401 in 1ms :: {"message":"Not authenticated"}
Session ID: nDULxEr1g7TIAMBJTvv2FwRdc4vA1xvp, Session data: Session {
  cookie: {
    path: '/',
    _expires: 2025-10-31T20:20:47.026Z,
    originalMaxAge: 86399999,
    httpOnly: true,
    secure: false,
    sameSite: 'lax'
  }
}
4:21:09 PM [express] GET /api/portfolio 401 in 1ms :: {"message":"Not authenticated"}
Session ID: nDULxEr1g7TIAMBJTvv2FwRdc4vA1xvp, Session data: Session {
  cookie: {
    path: '/',
    _expires: 2025-10-31T20:21:09.516Z,
    originalMaxAge: 86399999,
    httpOnly: true,
    secure: false,
    sameSite: 'lax'
  }
}
4:21:17 PM [express] GET /api/credit-line/details 401 in 1ms :: {"message":"Not authenticated"}
Session ID: nDULxEr1g7TIAMBJTvv2FwRdc4vA1xvp, Session data: Session {
  cookie: {
    path: '/',
    _expires: 2025-10-31T20:21:17.044Z,
    originalMaxAge: 86399999,
    httpOnly: true,
    secure: false,
    sameSite: 'lax'
  }
}
4:21:46 PM [express] GET /api/portfolio 401 in 0ms :: {"message":"Not authenticated"}
Session ID: nDULxEr1g7TIAMBJTvv2FwRdc4vA1xvp, Session data: Session {
  cookie: {
    path: '/',
    _expires: 2025-10-31T20:21:46.591Z,
    originalMaxAge: 86399999,
    httpOnly: true,
    secure: false,
    sameSite: 'lax'
  }
}
4:21:47 PM [express] GET /api/credit-line/details 401 in 0ms :: {"message":"Not authenticated"}
Session ID: nDULxEr1g7TIAMBJTvv2FwRdc4vA1xvp, Session data: Session {
  cookie: {
    path: '/',
    _expires: 2025-10-31T20:21:47.059Z,
    originalMaxAge: 86399999,
    httpOnly: true,
    secure: false,
    sameSite: 'lax'
  }
}
4:21:52 PM [express] GET /api/portfolio 401 in 2ms :: {"message":"Not authenticated"}
🧹 Rate limiter cleanup: removed 0 expired entries
🧹 Rate limiter cleanup: removed 0 expired entries
🧹 Rate limiter cleanup: removed 0 expired entries
Session ID: kDzReX2bqT7bHXaTk0UnCoYBFZbLBh9n, Session data: Session {
  cookie: {
    path: '/',
    _expires: 2025-10-31T20:27:44.633Z,
    originalMaxAge: 86399999,
    httpOnly: true,
    secure: false,
    sameSite: 'lax'
  }
}
4:27:44 PM [express] GET /api/auth/session 401 in 2ms :: {"success":false,"message":"Not authenticat…
🧹 Rate limiter cleanup: removed 0 expired entries
🧹 Rate limiter cleanup: removed 0 expired entries
🧹 Rate limiter cleanup: removed 0 expired entries
Session ID: kDzReX2bqT7bHXaTk0UnCoYBFZbLBh9n, Session data: Session {
  cookie: {
    path: '/',
    _expires: 2025-10-31T20:29:19.086Z,
    originalMaxAge: 86399999,
    httpOnly: true,
    secure: false,
    sameSite: 'lax'
  }
}
4:29:19 PM [express] GET /api/auth/session 401 in 1ms :: {"success":false,"message":"Not authenticat…
Session ID: kDzReX2bqT7bHXaTk0UnCoYBFZbLBh9n, Session data: Session {
  cookie: {
    path: '/',
    _expires: 2025-10-31T20:29:19.212Z,
    originalMaxAge: 86399999,
    httpOnly: true,
    secure: false,
    sameSite: 'lax'
  }
}
4:29:19 PM [express] GET /api/auth/session 401 in 1ms :: {"success":false,"message":"Not authenticat…
Session ID: kDzReX2bqT7bHXaTk0UnCoYBFZbLBh9n, Session data: Session {
  cookie: {
    path: '/',
    _expires: 2025-10-31T20:30:24.137Z,
    originalMaxAge: 86399999,
    httpOnly: true,
    secure: false,
    sameSite: 'lax'
  }
}
4:30:24 PM [express] GET /api/portfolio 401 in 0ms :: {"message":"Not authenticated"}
Session ID: kDzReX2bqT7bHXaTk0UnCoYBFZbLBh9n, Session data: Session {
  cookie: {
    path: '/',
    _expires: 2025-10-31T20:30:24.255Z,
    originalMaxAge: 86399999,
    httpOnly: true,
    secure: false,
    sameSite: 'lax'
  }
}
4:31:01 PM [express] GET /api/portfolio 401 in 0ms :: {"message":"Not authenticated"}
Session ID: kDzReX2bqT7bHXaTk0UnCoYBFZbLBh9n, Session data: Session {
  cookie: {
    path: '/',
    _expires: 2025-10-31T20:31:01.291Z,
    originalMaxAge: 86399999,
    httpOnly: true,
    secure: false,
    sameSite: 'lax'
  }
}
4:31:02 PM [express] GET /api/portfolio 401 in 2ms :: {"message":"Not authenticated"}
Session ID: kDzReX2bqT7bHXaTk0UnCoYBFZbLBh9n, Session data: Session {
  cookie: {
    path: '/',
    _expires: 2025-10-31T20:31:02.298Z,
    originalMaxAge: 86399999,
    httpOnly: true,
    secure: false,
    sameSite: 'lax'
  }
}
4:31:04 PM [express] GET /api/portfolio 401 in 0ms :: {"message":"Not authenticated"}
Session ID: kDzReX2bqT7bHXaTk0UnCoYBFZbLBh9n, Session data: Session {
  cookie: {
    path: '/',
    _expires: 2025-10-31T20:31:04.306Z,
    originalMaxAge: 86399999,
    httpOnly: true,
    secure: false,
    sameSite: 'lax'
  }
}
4:31:08 PM [express] GET /api/portfolio 401 in 0ms :: {"message":"Not authenticated"}
🧹 Rate limiter cleanup: removed 0 expired entries
🧹 Rate limiter cleanup: removed 0 expired entries
🧹 Rate limiter cleanup: removed 0 expired entries
Session ID: G0ZwCdEO0ouUHrdA2uYa_gd7EbK8a1h1, Session data: Session {
  cookie: {
    path: '/',
    _expires: 2025-10-31T20:35:07.849Z,
    originalMaxAge: 86400000,
    httpOnly: true,
    secure: false,
    sameSite: 'lax'
  }
}
4:35:08 PM [express] POST /api/auth/login 200 in 241ms :: {"success":true,"message":"Login successfu…
Session ID: iO7AqOrXRsq4drrQhDW9paNMQrz4d04O, Session data: Session {
  cookie: {
    path: '/',
    _expires: 2025-10-31T20:36:15.794Z,
    originalMaxAge: 86400000,
    httpOnly: true,
    secure: false,
    sameSite: 'lax'
  }
}
4:36:16 PM [express] POST /api/auth/login 200 in 242ms :: {"success":true,"message":"Login successfu…
Session ID: omMFtg0ffSroGr2ubvq4LYtBp3oYM77j, Session data: Session {
  cookie: {
    path: '/',
    _expires: 2025-10-31T20:36:16.070Z,
    originalMaxAge: 86400000,
    httpOnly: true,
    secure: false,
    sameSite: 'lax'
  }
}
4:36:16 PM [express] GET /api/revolving-credit/account 404 in 0ms :: {"message":"API endpoint not fo…
Session ID: dXyo45fGHMjGz6I3tEusObxzfUooU2mS, Session data: Session {
  cookie: {
    path: '/',
    _expires: 2025-10-31T20:36:16.097Z,
    originalMaxAge: 86400000,
    httpOnly: true,
    secure: false,
    sameSite: 'lax'
  }
}
4:36:16 PM [express] GET /api/revolving-credit/transactions 404 in 1ms :: {"message":"API endpoint n…
Session ID: q6IsAcoGLT-5tZKUNAE7yDXkBvQeE256, Session data: Session {
  cookie: {
    path: '/',
    _expires: 2025-10-31T20:36:16.122Z,
    originalMaxAge: 86400000,
    httpOnly: true,
    secure: false,
    sameSite: 'lax'
  }
}
4:36:16 PM [express] GET /api/revolving-credit/test 404 in 1ms :: {"message":"API endpoint not found…
Session ID: PuDmsDE6okLYU462OWxG85ApPmLm_eLL, Session data: Session {
  cookie: {
    path: '/',
    _expires: 2025-10-31T20:37:28.808Z,
    originalMaxAge: 86400000,
    httpOnly: true,
    secure: false,
    sameSite: 'lax'
  }
}
4:37:28 PM [express] GET /api/revolving-credit/account 404 in 1ms :: {"message":"API endpoint not fo…
🧹 Rate limiter cleanup: removed 0 expired entries
🧹 Rate limiter cleanup: removed 0 expired entries
🧹 Rate limiter cleanup: removed 0 expired entries
🧹 Rate limiter cleanup: removed 0 expired entries
🧹 Rate limiter cleanup: removed 0 expired entries
🧹 Rate limiter cleanup: removed 0 expired entries
🧹 Performed periodic cleanup of monitoring data
🧹 Rate limiter cleanup: removed 0 expired entries
🧹 Rate limiter cleanup: removed 0 expired entries
🧹 Rate limiter cleanup: removed 0 expired entries
Session ID: kDzReX2bqT7bHXaTk0UnCoYBFZbLBh9n, Session data: Session {
  cookie: {
    path: '/',
    _expires: 2025-10-31T20:49:26.705Z,
    originalMaxAge: 86399999,
    httpOnly: true,
    secure: false,
    sameSite: 'lax'
  }
}
4:49:26 PM [express] GET /api/auth/session 401 in 0ms :: {"success":false,"message":"Not authenticat…
Session ID: kDzReX2bqT7bHXaTk0UnCoYBFZbLBh9n, Session data: Session {
  cookie: {
    path: '/',
    _expires: 2025-10-31T20:50:54.388Z,
    originalMaxAge: 86399999,
    httpOnly: true,
    secure: false,
    sameSite: 'lax'
  }
}
4:51:10 PM [express] GET /api/portfolio 401 in 0ms :: {"message":"Not authenticated"}
Session ID: kDzReX2bqT7bHXaTk0UnCoYBFZbLBh9n, Session data: Session {
  cookie: {
    path: '/',
    _expires: 2025-10-31T20:51:10.347Z,
    originalMaxAge: 86399999,
    httpOnly: true,
    secure: false,
    sameSite: 'lax'
  }
}
4:51:11 PM [express] GET /api/portfolio 401 in 1ms :: {"message":"Not authenticated"}
Session ID: kDzReX2bqT7bHXaTk0UnCoYBFZbLBh9n, Session data: Session {
  cookie: {
    path: '/',
    _expires: 2025-10-31T20:51:11.353Z,
    originalMaxAge: 86399999,
    httpOnly: true,
    secure: false,
    sameSite: 'lax'
  }
}
GET /api/warehouses called
Found 3 warehouses
4:51:13 PM [express] GET /api/warehouses 200 in 1ms :: [{"name":"Delhi Central Warehouse","address":…
🧹 Rate limiter cleanup: removed 0 expired entries
🧹 Rate limiter cleanup: removed 0 expired entries
🧹 Rate limiter cleanup: removed 0 expired entries
Session ID: kDzReX2bqT7bHXaTk0UnCoYBFZbLBh9n, Session data: Session {
  cookie: {
    path: '/',
    _expires: 2025-10-31T20:55:33.253Z,
    originalMaxAge: 86399999,
    httpOnly: true,
    secure: false,
    sameSite: 'lax'
  }
}
4:55:33 PM [express] GET /api/receipts 401 in 0ms :: {"message":"Not authenticated"}
Session ID: kDzReX2bqT7bHXaTk0UnCoYBFZbLBh9n, Session data: Session {
  cookie: {
    path: '/',
    _expires: 2025-10-31T20:56:00.674Z,
    originalMaxAge: 86399999,
    httpOnly: true,
    secure: false,
    sameSite: 'lax'
  }
}
4:56:00 PM [express] GET /api/auth/session 401 in 1ms :: {"success":false,"message":"Not authenticat…
🧹 Rate limiter cleanup: removed 0 expired entries
🧹 Rate limiter cleanup: removed 0 expired entries
🧹 Rate limiter cleanup: removed 0 expired entries
Session ID: QPy7ZcpemTUKTXEbTXt-XmzN9kIEODBc, Session data: Session {
  cookie: {
    path: '/',
    _expires: 2025-10-31T20:59:41.374Z,
    originalMaxAge: 86400000,
    httpOnly: true,
    secure: false,
    sameSite: 'lax'
  }
}
4:59:41 PM [express] GET /api/receipts 401 in 1ms :: {"message":"Not authenticated"}
🧹 Rate limiter cleanup: removed 0 expired entries
🧹 Rate limiter cleanup: removed 0 expired entries
🧹 Rate limiter cleanup: removed 0 expired entries
Session ID: sYyGqWkc24W3X96myDhkydDJHQMvAwaU, Session data: Session {
  cookie: {
    path: '/',
    _expires: 2025-10-31T21:05:52.399Z,
    originalMaxAge: 86400000,
    httpOnly: true,
    secure: false,
    sameSite: 'lax'
  }
}
5:05:52 PM [express] POST /api/auth/login 200 in 242ms :: {"success":true,"message":"Login successfu…
🧹 Rate limiter cleanup: removed 0 expired entries
🧹 Rate limiter cleanup: removed 0 expired entries
🧹 Rate limiter cleanup: removed 0 expired entries
🧹 Rate limiter cleanup: removed 0 expired entries
🧹 Rate limiter cleanup: removed 0 expired entries
🧹 Rate limiter cleanup: removed 0 expired entries
🧹 Rate limiter cleanup: removed 0 expired entries
🧹 Rate limiter cleanup: removed 0 expired entries
🧹 Rate limiter cleanup: removed 0 expired entries
🧹 Performed periodic cleanup of monitoring data
🧹 Rate limiter cleanup: removed 0 expired entries
🧹 Rate limiter cleanup: removed 0 expired entries
🧹 Rate limiter cleanup: removed 0 expired entries
🧹 Rate limiter cleanup: removed 0 expired entries
🧹 Rate limiter cleanup: removed 0 expired entries
🧹 Rate limiter cleanup: removed 0 expired entries
🧹 Rate limiter cleanup: removed 0 expired entries
🧹 Rate limiter cleanup: removed 0 expired entries
🧹 Rate limiter cleanup: removed 0 expired entries
Session ID: XkAx9Pavi9-bwmBXZ-TRrCegzRa0h1vd, Session data: Session {
  cookie: {
    path: '/',
    _expires: 2025-11-01T19:41:41.706Z,
    originalMaxAge: 86400000,
    httpOnly: true,
    secure: false,
    sameSite: 'lax'
  }
}
3:41:41 PM [express] POST /api/auth/login 200 in 238ms :: {"success":true,"message":"Login successfu…
Session ID: FODvtmjKR5WSc5ieOidD6jPa1WsylbeL, Session data: Session {
  cookie: {
    path: '/',
    _expires: 2025-11-01T19:41:55.658Z,
    originalMaxAge: 86400000,
    httpOnly: true,
    secure: false,
    sameSite: 'lax'
  }
}
3:41:55 PM [express] GET /api/receipts 401 in 1ms :: {"message":"Not authenticated"}
🧹 Rate limiter cleanup: removed 0 expired entries
🧹 Rate limiter cleanup: removed 0 expired entries
🧹 Rate limiter cleanup: removed 0 expired entries
Session ID: d7sbqA1XwItPrjcLxXLCjZckNi6p51MD, Session data: Session {
  cookie: {
    path: '/',
    _expires: 2025-11-01T19:43:58.552Z,
    originalMaxAge: 86400000,
    httpOnly: true,
    secure: false,
    sameSite: 'lax'
  }
}
3:43:58 PM [express] POST /api/auth/login 200 in 239ms :: {"success":true,"message":"Login successfu…
Session ID: sXWo-Tsv-zIe9gQY65uwShca4mrgJ4eT, Session data: Session {
  cookie: {
    path: '/',
    _expires: 2025-11-01T19:45:06.124Z,
    originalMaxAge: 86400000,
    httpOnly: true,
    secure: false,
    sameSite: 'lax'
  }
}
3:45:06 PM [express] POST /api/auth/login 200 in 238ms :: {"success":true,"message":"Login successfu…
Session ID: _paURuZYbeUQ_2Ch21fOrRPSyTm9xYnz, Session data: Session {
  cookie: {
    path: '/',
    _expires: 2025-11-01T19:46:44.859Z,
    originalMaxAge: 86400000,
    httpOnly: true,
    secure: false,
    sameSite: 'lax'
  }
}
3:46:45 PM [express] POST /api/auth/login 200 in 240ms :: {"success":true,"message":"Login successfu…
🧹 Rate limiter cleanup: removed 0 expired entries
🧹 Rate limiter cleanup: removed 0 expired entries
🧹 Rate limiter cleanup: removed 0 expired entries
🧹 Rate limiter cleanup: removed 0 expired entries
🧹 Rate limiter cleanup: removed 0 expired entries
🧹 Rate limiter cleanup: removed 0 expired entries
Session ID: 724A0xd7hzofaLx6GRR3xBlxD0MsJAxg, Session data: Session {
  cookie: {
    path: '/',
    _expires: 2025-11-01T19:53:50.278Z,
    originalMaxAge: 86400000,
    httpOnly: true,
    secure: false,
    sameSite: 'lax'
  }
}
3:53:50 PM [express] POST /api/auth/login 200 in 240ms :: {"success":true,"message":"Login successfu…
Session ID: bC_ebsajLcDRaDowAhfBV0eQL455StiJ, Session data: Session {
  cookie: {
    path: '/',
    _expires: 2025-11-01T19:53:50.528Z,
    originalMaxAge: 86400000,
    httpOnly: true,
    secure: false,
    sameSite: 'lax'
  }
}
3:53:50 PM [express] GET /api/auth/me 404 in 1ms :: {"message":"API endpoint not found"}
Session ID: nnvs2fzU9vWfE1_ccMzHqyjjOaGKVIKd, Session data: Session {
  cookie: {
    path: '/',
    _expires: 2025-11-01T19:53:50.554Z,
    originalMaxAge: 86400000,
    httpOnly: true,
    secure: false,
    sameSite: 'lax'
  }
}
3:53:50 PM [express] GET /api/receipts 401 in 1ms :: {"message":"Not authenticated"}
Session ID: Qa2zQuL9DntrPV4Plyvv3B7oLONkRah_, Session data: Session {
  cookie: {
    path: '/',
    _expires: 2025-11-01T19:54:57.723Z,
    originalMaxAge: 86400000,
    httpOnly: true,
    secure: false,
    sameSite: 'lax'
  }
}
3:54:57 PM [express] GET /api/receipts 401 in 1ms :: {"message":"Not authenticated"}
🧹 Rate limiter cleanup: removed 0 expired entries
🧹 Rate limiter cleanup: removed 0 expired entries
🧹 Rate limiter cleanup: removed 0 expired entries
Session ID: kDzReX2bqT7bHXaTk0UnCoYBFZbLBh9n, Session data: Session {
  cookie: {
    path: '/',
    _expires: 2025-11-01T19:57:29.850Z,
    originalMaxAge: 86399999,
    httpOnly: true,
    secure: false,
    sameSite: 'lax'
  }
}
3:58:30 PM [express] POST /api/auth/login 200 in 241ms :: {"success":true,"message":"Login successfu…
Session ID: kDzReX2bqT7bHXaTk0UnCoYBFZbLBh9n, Session data: Session {
  cookie: {
    path: '/',
    _expires: 2025-11-01T19:58:30.714Z,
    originalMaxAge: 86399999,
    httpOnly: true,
    secure: false,
    sameSite: 'lax'
  },
  userId: 1
}
3:58:30 PM [express] GET /api/portfolio 200 in 1ms :: {"success":true,"data":{"totalValue":5000000,"…
Session ID: kDzReX2bqT7bHXaTk0UnCoYBFZbLBh9n, Session data: Session {
  cookie: {
    path: '/',
    _expires: 2025-11-01T19:58:51.836Z,
    originalMaxAge: 86399999,
    httpOnly: true,
    secure: false,
    sameSite: 'lax'
  },
  userId: 1
}
3:59:00 PM [express] GET /api/credit-line/details 200 in 1ms :: {"success":true,"data":{"totalLimit"…
Session ID: kDzReX2bqT7bHXaTk0UnCoYBFZbLBh9n, Session data: Session {
  cookie: {
    path: '/',
    _expires: 2025-11-01T19:59:00.767Z,
    originalMaxAge: 86399999,
    httpOnly: true,
    secure: false,
    sameSite: 'lax'
  },
  userId: 1
}
3:59:00 PM [express] GET /api/portfolio 304 in 0ms :: {"success":true,"data":{"totalValue":5000000,"…
Session ID: kDzReX2bqT7bHXaTk0UnCoYBFZbLBh9n, Session data: Session {
  cookie: {
    path: '/',
    _expires: 2025-11-01T19:59:46.392Z,
    originalMaxAge: 86399999,
    httpOnly: true,
    secure: false,
    sameSite: 'lax'
  },
  userId: 1
}
4:00:07 PM [express] GET /api/portfolio 304 in 0ms :: {"success":true,"data":{"totalValue":5000000,"…
Session ID: kDzReX2bqT7bHXaTk0UnCoYBFZbLBh9n, Session data: Session {
  cookie: {
    path: '/',
    _expires: 2025-11-01T20:00:49.212Z,
    originalMaxAge: 86399999,
    httpOnly: true,
    secure: false,
    sameSite: 'lax'
  },
  userId: 1
}
4:01:00 PM [express] GET /api/credit-line/details 304 in 0ms :: {"success":true,"data":{"totalLimit"…
Session ID: kDzReX2bqT7bHXaTk0UnCoYBFZbLBh9n, Session data: Session {
  cookie: {
    path: '/',
    _expires: 2025-11-01T20:01:10.705Z,
    originalMaxAge: 86399999,
    httpOnly: true,
    secure: false,
    sameSite: 'lax'
  },
  userId: 1
}
4:01:14 PM [express] GET /api/portfolio 304 in 0ms :: {"success":true,"data":{"totalValue":5000000,"…
Session ID: kDzReX2bqT7bHXaTk0UnCoYBFZbLBh9n, Session data: Session {
  cookie: {
    path: '/',
    _expires: 2025-11-01T20:01:15.962Z,
    originalMaxAge: 86399999,
    httpOnly: true,
    secure: false,
    sameSite: 'lax'
  },
  userId: 1
}
4:01:30 PM [express] GET /api/credit-line/details 304 in 0ms :: {"success":true,"data":{"totalLimit"…
Session ID: kDzReX2bqT7bHXaTk0UnCoYBFZbLBh9n, Session data: Session {
  cookie: {
    path: '/',
    _expires: 2025-11-01T20:02:00.675Z,
    originalMaxAge: 86399999,
    httpOnly: true,
    secure: false,
    sameSite: 'lax'
  },
  userId: 1
}
4:02:00 PM [express] GET /api/credit-line/details 304 in 0ms :: {"success":true,"data":{"totalLimit"…
Session ID: kDzReX2bqT7bHXaTk0UnCoYBFZbLBh9n, Session data: Session {
  cookie: {
    path: '/',
    _expires: 2025-11-01T20:02:19.900Z,
    originalMaxAge: 86399999,
    httpOnly: true,
    secure: false,
    sameSite: 'lax'
  },
  userId: 1
}
4:02:21 PM [express] GET /api/portfolio 304 in 1ms :: {"success":true,"data":{"totalValue":5000000,"…
🧹 Rate limiter cleanup: removed 0 expired entries
🧹 Rate limiter cleanup: removed 0 expired entries
🧹 Rate limiter cleanup: removed 0 expired entries
🧹 Rate limiter cleanup: removed 0 expired entries
🧹 Rate limiter cleanup: removed 0 expired entries
🧹 Rate limiter cleanup: removed 0 expired entries
Session ID: kDzReX2bqT7bHXaTk0UnCoYBFZbLBh9n, Session data: Session {
  cookie: {
    path: '/',
    _expires: 2025-11-01T20:07:27.610Z,
    originalMaxAge: 86399999,
    httpOnly: true,
    secure: false,
    sameSite: 'lax'
  },
  userId: 1
}
4:07:48 PM [express] GET /api/portfolio 304 in 1ms :: {"success":true,"data":{"totalValue":5000000,"…
Session ID: kDzReX2bqT7bHXaTk0UnCoYBFZbLBh9n, Session data: Session {
  cookie: {
    path: '/',
    _expires: 2025-11-01T20:09:51.382Z,
    originalMaxAge: 86399999,
    httpOnly: true,
    secure: false,
    sameSite: 'lax'
  },
  userId: 1
}
4:10:00 PM [express] GET /api/credit-line/details 304 in 1ms :: {"success":true,"data":{"totalLimit"…
Session ID: kDzReX2bqT7bHXaTk0UnCoYBFZbLBh9n, Session data: Session {
  cookie: {
    path: '/',
    _expires: 2025-11-01T20:10:08.638Z,
    originalMaxAge: 86399999,
    httpOnly: true,
    secure: false,
    sameSite: 'lax'
  },
  userId: 1
}
4:10:09 PM [express] GET /api/portfolio 304 in 0ms :: {"success":true,"data":{"totalValue":5000000,"…
Session ID: kDzReX2bqT7bHXaTk0UnCoYBFZbLBh9n, Session data: Session {
  cookie: {
    path: '/',
    _expires: 2025-11-01T20:10:53.566Z,
    originalMaxAge: 86399999,
    httpOnly: true,
    secure: false,
    sameSite: 'lax'
  },
  userId: 1
}
4:11:00 PM [express] GET /api/credit-line/details 304 in 1ms :: {"success":true,"data":{"totalLimit"…
Session ID: kDzReX2bqT7bHXaTk0UnCoYBFZbLBh9n, Session data: Session {
  cookie: {
    path: '/',
    _expires: 2025-11-01T20:11:02.747Z,
    originalMaxAge: 86399999,
    httpOnly: true,
    secure: false,
    sameSite: 'lax'
  },
  userId: 1
}
4:11:16 PM [express] GET /api/portfolio 304 in 1ms :: {"success":true,"data":{"totalValue":5000000,"…
Session ID: kDzReX2bqT7bHXaTk0UnCoYBFZbLBh9n, Session data: Session {
  cookie: {
    path: '/',
    _expires: 2025-11-01T20:11:55.745Z,
    originalMaxAge: 86399999,
    httpOnly: true,
    secure: false,
    sameSite: 'lax'
  },
  userId: 1
}
4:12:00 PM [express] GET /api/credit-line/details 304 in 0ms :: {"success":true,"data":{"totalLimit"…
🧹 Rate limiter cleanup: removed 0 expired entries
🧹 Rate limiter cleanup: removed 0 expired entries
🧹 Rate limiter cleanup: removed 0 expired entries
🧹 Performed periodic cleanup of monitoring data
Session ID: kDzReX2bqT7bHXaTk0UnCoYBFZbLBh9n, Session data: Session {
  cookie: {
    path: '/',
    _expires: 2025-11-01T20:12:01.539Z,
    originalMaxAge: 86399999,
    httpOnly: true,
    secure: false,
    sameSite: 'lax'
  },
  userId: 1
}
4:29:07 PM [express] GET /api/portfolio 304 in 1ms :: {"success":true,"data":{"totalValue":5000000,"…
Session ID: kDzReX2bqT7bHXaTk0UnCoYBFZbLBh9n, Session data: Session {
  cookie: {
    path: '/',
    _expires: 2025-11-01T20:29:35.099Z,
    originalMaxAge: 86399999,
    httpOnly: true,
    secure: false,
    sameSite: 'lax'
  },
  userId: 1
}
4:29:37 PM [express] GET /api/credit-line/details 304 in 1ms :: {"success":true,"data":{"totalLimit"…
Session ID: kDzReX2bqT7bHXaTk0UnCoYBFZbLBh9n, Session data: Session {
  cookie: {
    path: '/',
    _expires: 2025-11-01T20:29:37.996Z,
    originalMaxAge: 86399999,
    httpOnly: true,
    secure: false,
    sameSite: 'lax'
  },
  userId: 1
}
4:29:38 PM [express] GET /api/portfolio 304 in 1ms :: {"success":true,"data":{"totalValue":5000000,"…
Session ID: kDzReX2bqT7bHXaTk0UnCoYBFZbLBh9n, Session data: Session {
  cookie: {
    path: '/',
    _expires: 2025-11-01T20:29:52.504Z,
    originalMaxAge: 86399999,
    httpOnly: true,
    secure: false,
    sameSite: 'lax'
  },
  userId: 1
}
GET /api/warehouses called
Found 3 warehouses
4:29:53 PM [express] GET /api/warehouses 304 in 1ms :: [{"name":"Delhi Central Warehouse","address":…
Session ID: MeVQceuWmNNaoOpR_fd2X0KnpRXU86-W, Session data: Session {
  cookie: {
    path: '/',
    _expires: 2025-11-01T20:31:54.589Z,
    originalMaxAge: 86400000,
    httpOnly: true,
    secure: false,
    sameSite: 'lax'
  }
}
4:31:55 PM [express] GET /api/auth/session 401 in 1ms :: {"success":false,"message":"Not authenticat…
Session ID: oBp2nPcvX998MmcCTrJyJogosjM0SOW7, Session data: Session {
  cookie: {
    path: '/',
    _expires: 2025-11-01T20:33:18.678Z,
    originalMaxAge: 86400000,
    httpOnly: true,
    secure: false,
    sameSite: 'lax'
  }
}
GET /api/warehouses called
Found 3 warehouses
4:33:18 PM [express] GET /api/warehouses 200 in 1ms :: [{"name":"Delhi Central Warehouse","address":…
🧹 Rate limiter cleanup: removed 0 expired entries
🧹 Rate limiter cleanup: removed 0 expired entries
🧹 Rate limiter cleanup: removed 0 expired entries
Session ID: Dxt2d2v7y453Sa9VdxEb-n4QpLHzmiBm, Session data: Session {
  cookie: {
    path: '/',
    _expires: 2025-11-01T20:35:57.886Z,
    originalMaxAge: 86400000,
    httpOnly: true,
    secure: false,
    sameSite: 'lax'
  }
}
4:35:58 PM [express] POST /api/auth/login 200 in 240ms :: {"success":true,"message":"Login successfu…
Session ID: gkegjq0Rkpmv3-0yK_VDE57qc80fPPrU, Session data: Session {
  cookie: {
    path: '/',
    _expires: 2025-11-01T20:36:57.427Z,
    originalMaxAge: 86400000,
    httpOnly: true,
    secure: false,
    sameSite: 'lax'
  }
}
4:36:57 PM [express] POST /api/deposits 401 in 0ms :: {"message":"Not authenticated"}
Session ID: IukKVWjJEs5c1QuOdHh4_seonafXnSNq, Session data: Session {
  cookie: {
    path: '/',
    _expires: 2025-11-01T20:37:42.163Z,
    originalMaxAge: 86400000,
    httpOnly: true,
    secure: false,
    sameSite: 'lax'
  }
}
4:37:42 PM [express] POST /api/deposits 401 in 0ms :: {"message":"Not authenticated"}
Session ID: k-5mG2gwQeyOqv2I3K_J4uz-dow-vKht, Session data: Session {
  cookie: {
    path: '/',
    _expires: 2025-11-01T20:38:15.294Z,
    originalMaxAge: 86400000,
    httpOnly: true,
    secure: false,
    sameSite: 'lax'
  }
}
4:38:15 PM [express] POST /api/auth/login 200 in 240ms :: {"success":true,"message":"Login successfu…
Session ID: ilWMojOlXzxDFexVIaCCHse7q9FUReZg, Session data: Session {
  cookie: {
    path: '/',
    _expires: 2025-11-01T20:38:15.545Z,
    originalMaxAge: 86400000,
    httpOnly: true,
    secure: false,
    sameSite: 'lax'
  }
}
4:38:15 PM [express] GET /api/auth/me 404 in 1ms :: {"message":"API endpoint not found"}
🧹 Rate limiter cleanup: removed 0 expired entries
🧹 Rate limiter cleanup: removed 0 expired entries
🧹 Rate limiter cleanup: removed 0 expired entries
Session ID: V18DtHQcB0QhFsW7LE7sT6r3997N1yz5, Session data: Session {
  cookie: {
    path: '/',
    _expires: 2025-11-01T20:39:55.591Z,
    originalMaxAge: 86400000,
    httpOnly: true,
    secure: false,
    sameSite: 'lax'
  }
}
4:39:55 PM [express] GET /api/test 200 in 1ms :: {"message":"API is working","timestamp":"2025-10-31…
Session ID: RV_Xh0641qQg7BQ3nJ2uPMgCX5PvEXuo, Session data: Session {
  cookie: {
    path: '/',
    _expires: 2025-11-01T20:41:09.747Z,
    originalMaxAge: 86400000,
    httpOnly: true,
    secure: false,
    sameSite: 'lax'
  }
}
4:41:09 PM [express] GET /api/auth/me 404 in 1ms :: {"message":"API endpoint not found"}
Session ID: L0vS5OMOw5BdK5U3fzb2yzQRCMmfBB58, Session data: Session {
  cookie: {
    path: '/',
    _expires: 2025-11-01T20:44:04.207Z,
    originalMaxAge: 86400000,
    httpOnly: true,
    secure: false,
    sameSite: 'lax'
  }
}
4:44:04 PM [express] POST /api/auth/login 200 in 240ms :: {"success":true,"message":"Login successfu…
🧹 Rate limiter cleanup: removed 0 expired entries
🧹 Rate limiter cleanup: removed 0 expired entries
🧹 Rate limiter cleanup: removed 0 expired entries
Session ID: DQQpL39-pFn_YxEsyUvI14lNH6uyeKYp, Session data: Session {
  cookie: {
    path: '/',
    _expires: 2025-11-01T20:48:34.125Z,
    originalMaxAge: 86400000,
    httpOnly: true,
    secure: false,
    sameSite: 'lax'
  }
}
4:48:34 PM [express] POST /api/auth/login 200 in 239ms :: {"success":true,"message":"Login successfu…
Session ID: TiatN1Z7TVGk7RatCus47nlImWFbmUph, Session data: Session {
  cookie: {
    path: '/',
    _expires: 2025-11-01T20:48:34.374Z,
    originalMaxAge: 86400000,
    httpOnly: true,
    secure: false,
    sameSite: 'lax'
  }
}
4:48:34 PM [express] POST /api/deposits 401 in 0ms :: {"message":"Not authenticated"}
🧹 Rate limiter cleanup: removed 0 expired entries
🧹 Rate limiter cleanup: removed 0 expired entries
🧹 Rate limiter cleanup: removed 0 expired entries
🧹 Rate limiter cleanup: removed 0 expired entries
🧹 Rate limiter cleanup: removed 0 expired entries
🧹 Rate limiter cleanup: removed 0 expired entries
Session ID: MjqDdE_V1_uWXACSIWKpuFvzItZt7F9u, Session data: Session {
  cookie: {
    path: '/',
    _expires: 2025-11-01T20:55:13.058Z,
    originalMaxAge: 86400000,
    httpOnly: true,
    secure: false,
    sameSite: 'lax'
  }
}
4:55:13 PM [express] POST /api/auth/login 200 in 238ms :: {"success":true,"message":"Login successfu…
Session ID: wziV_TivHO97Kwyr1CbdO9TvGBPMLspI, Session data: Session {
  cookie: {
    path: '/',
    _expires: 2025-11-01T20:55:13.306Z,
    originalMaxAge: 86400000,
    httpOnly: true,
    secure: false,
    sameSite: 'lax'
  }
}
4:55:13 PM [express] GET /api/receipts 401 in 1ms :: {"message":"Not authenticated"}
Session ID: QhpaG-2EUC6npQVOPW8LvvLkerge7JOG, Session data: Session {
  cookie: {
    path: '/',
    _expires: 2025-11-01T20:55:32.404Z,
    originalMaxAge: 86400000,
    httpOnly: true,
    secure: false,
    sameSite: 'lax'
  }
}
4:55:32 PM [express] POST /api/auth/login 200 in 239ms :: {"success":true,"message":"Login successfu…
Session ID: GweX-Y1yIJ0LaL3J17KpkNeeB2PvX71u, Session data: Session {
  cookie: {
    path: '/',
    _expires: 2025-11-01T20:55:32.654Z,
    originalMaxAge: 86400000,
    httpOnly: true,
    secure: false,
    sameSite: 'lax'
  }
}
4:55:32 PM [express] GET /api/receipts 401 in 1ms :: {"message":"Not authenticated"}
Session ID: yD-8mqUK4NS55n51zqRZyv7FrrjI8ehR, Session data: Session {
  cookie: {
    path: '/',
    _expires: 2025-11-01T20:57:24.620Z,
    originalMaxAge: 86400000,
    httpOnly: true,
    secure: false,
    sameSite: 'lax'
  }
}
4:57:24 PM [express] POST /api/auth/login 200 in 237ms :: {"success":true,"message":"Login successfu…
Session ID: vMvstgbqwlCZZDTpIPtxpdI1WSeQCfDV, Session data: Session {
  cookie: {
    path: '/',
    _expires: 2025-11-01T20:57:24.867Z,
    originalMaxAge: 86400000,
    httpOnly: true,
    secure: false,
    sameSite: 'lax'
  }
}
4:57:24 PM [express] GET /api/receipts 401 in 1ms :: {"message":"Not authenticated"}
🧹 Rate limiter cleanup: removed 0 expired entries
🧹 Rate limiter cleanup: removed 0 expired entries
🧹 Rate limiter cleanup: removed 0 expired entries
Session ID: RURPKnj88nZjzY-GhuvaEp0vJ1sBbxZl, Session data: Session {
  cookie: {
    path: '/',
    _expires: 2025-11-01T21:01:35.549Z,
    originalMaxAge: 86400000,
    httpOnly: true,
    secure: false,
    sameSite: 'lax'
  }
}
5:01:35 PM [express] POST /api/auth/login 200 in 240ms :: {"success":true,"message":"Login successfu…
Session ID: 74Yl4qlNH-u-J6cPcRdCJe0c9WM4sdf7, Session data: Session {
  cookie: {
    path: '/',
    _expires: 2025-11-01T21:01:35.800Z,
    originalMaxAge: 86400000,
    httpOnly: true,
    secure: false,
    sameSite: 'lax'
  }
}
GET /api/warehouses called
Found 3 warehouses
5:01:35 PM [express] GET /api/warehouses 200 in 1ms :: [{"name":"Delhi Central Warehouse","address":…
Session ID: MMcTgqdcBu7oW2QrN0yILPLpy1FfiZmB, Session data: Session {
  cookie: {
    path: '/',
    _expires: 2025-11-01T21:01:35.826Z,
    originalMaxAge: 86400000,
    httpOnly: true,
    secure: false,
    sameSite: 'lax'
  }
}
5:01:35 PM [express] GET /api/processes 401 in 0ms :: {"message":"Not authenticated"}
Session ID: oNFzWLSfsKdtaluLrMqyVge-1JzDFDnn, Session data: Session {
  cookie: {
    path: '/',
    _expires: 2025-11-01T21:02:10.659Z,
    originalMaxAge: 86400000,
    httpOnly: true,
    secure: false,
    sameSite: 'lax'
  }
}
5:02:10 PM [express] POST /api/auth/login 200 in 240ms :: {"success":true,"message":"Login successfu…
Session ID: SOlNno5TZYmje8DMPd83e6ULhvus4m_j, Session data: Session {
  cookie: {
    path: '/',
    _expires: 2025-11-01T21:02:10.909Z,
    originalMaxAge: 86400000,
    httpOnly: true,
    secure: false,
    sameSite: 'lax'
  }
}
5:02:10 PM [express] POST /api/deposits 401 in 1ms :: {"message":"Not authenticated"}
Session ID: jQzmAtTkrrAjwshtsj17nqqo2c1eAEqS, Session data: Session {
  cookie: {
    path: '/',
    _expires: 2025-11-01T21:02:20.631Z,
    originalMaxAge: 86400000,
    httpOnly: true,
    secure: false,
    sameSite: 'lax'
  }
}
5:02:20 PM [express] POST /api/auth/login 200 in 241ms :: {"success":true,"message":"Login successfu…
Session ID: Uyr1dqJ88_vGQZH4RUQtQ2bry9BeVvRm, Session data: Session {
  cookie: {
    path: '/',
    _expires: 2025-11-01T21:02:30.784Z,
    originalMaxAge: 86400000,
    httpOnly: true,
    secure: false,
    sameSite: 'lax'
  }
}
5:02:31 PM [express] POST /api/auth/login 200 in 240ms :: {"success":true,"message":"Login successfu…
Session ID: oQUiX9fHt-Ta-BBczT7ooYkKEh081N6O, Session data: Session {
  cookie: {
    path: '/',
    _expires: 2025-11-01T21:02:31.061Z,
    originalMaxAge: 86400000,
    httpOnly: true,
    secure: false,
    sameSite: 'lax'
  }
}
5:02:31 PM [express] POST /api/deposits 401 in 1ms :: {"message":"Not authenticated"}
Session ID: sy1ih-C7i_oIhnAQgYfq_gyxbe9_-d1W, Session data: Session {
  cookie: {
    path: '/',
    _expires: 2025-11-01T21:02:36.956Z,
    originalMaxAge: 86400000,
    httpOnly: true,
    secure: false,
    sameSite: 'lax'
  }
}
5:02:37 PM [express] POST /api/auth/login 200 in 240ms :: {"success":true,"message":"Login successfu…
🧹 Rate limiter cleanup: removed 0 expired entries
🧹 Rate limiter cleanup: removed 0 expired entries
🧹 Rate limiter cleanup: removed 0 expired entries
Session ID: hpelRrw11dCzUR8u22OzQqCqMKSKfSHL, Session data: Session {
  cookie: {
    path: '/',
    _expires: 2025-11-01T21:05:00.319Z,
    originalMaxAge: 86400000,
    httpOnly: true,
    secure: false,
    sameSite: 'lax'
  }
}
5:05:00 PM [express] POST /api/auth/login 200 in 293ms :: {"success":true,"message":"Login successfu…
Session ID: Z2USublG2h2wn6lQPa22C8uvcFpptHia, Session data: Session {
  cookie: {
    path: '/',
    _expires: 2025-11-01T21:05:15.365Z,
    originalMaxAge: 86400000,
    httpOnly: true,
    secure: false,
    sameSite: 'lax'
  }
}
5:05:15 PM [express] POST /api/auth/login 200 in 242ms :: {"success":true,"message":"Login successfu…
Session ID: rC4e4Nefmmg9InCxEjTEoA2sASL0pWha, Session data: Session {
  cookie: {
    path: '/',
    _expires: 2025-11-01T21:05:26.291Z,
    originalMaxAge: 86400000,
    httpOnly: true,
    secure: false,
    sameSite: 'lax'
  }
}
5:05:26 PM [express] POST /api/auth/login 200 in 249ms :: {"success":true,"message":"Login successfu…
Session ID: 5ANAtMo_TMxzpiIDiJwhmiH44elJDHE_, Session data: Session {
  cookie: {
    path: '/',
    _expires: 2025-11-01T21:05:33.774Z,
    originalMaxAge: 86400000,
    httpOnly: true,
    secure: false,
    sameSite: 'lax'
  }
}
5:05:33 PM [express] POST /api/deposits 401 in 1ms :: {"message":"Not authenticated"}
Session ID: y5lH3nWdKXSNcH7PYzG4AQS9Hx6G8amJ, Session data: Session {
  cookie: {
    path: '/',
    _expires: 2025-11-01T21:05:55.707Z,
    originalMaxAge: 86400000,
    httpOnly: true,
    secure: false,
    sameSite: 'lax'
  }
}
5:05:55 PM [express] POST /api/auth/login 200 in 240ms :: {"success":true,"message":"Login successfu…
Session ID: pkTHplNV_11wS7xqbOMz9LYT5aJGL4Js, Session data: Session {
  cookie: {
    path: '/',
    _expires: 2025-11-01T21:06:27.291Z,
    originalMaxAge: 86400000,
    httpOnly: true,
    secure: false,
    sameSite: 'lax'
  }
}
5:06:27 PM [express] POST /api/auth/login 200 in 241ms :: {"success":true,"message":"Login successfu…
Session ID: txvBf6LBvqwd_BIC_bybArbPpYr5vv6C, Session data: Session {
  cookie: {
    path: '/',
    _expires: 2025-11-01T21:06:50.771Z,
    originalMaxAge: 86400000,
    httpOnly: true,
    secure: false,
    sameSite: 'lax'
  }
}
5:06:51 PM [express] POST /api/auth/login 200 in 239ms :: {"success":true,"message":"Login successfu…
Session ID: atUFoQmV0LRgWXlNhmxRth-LtvjjQQHm, Session data: Session {
  cookie: {
    path: '/',
    _expires: 2025-11-01T21:06:51.073Z,
    originalMaxAge: 86400000,
    httpOnly: true,
    secure: false,
    sameSite: 'lax'
  }
}
5:06:51 PM [express] POST /api/deposits 401 in 1ms :: {"message":"Not authenticated"}
Session ID: ucVVwoVzUof2b5Qwuy6hY2qWxDpSLhXD, Session data: Session {
  cookie: {
    path: '/',
    _expires: 2025-11-01T21:07:46.735Z,
    originalMaxAge: 86400000,
    httpOnly: true,
    secure: false,
    sameSite: 'lax'
  }
}
5:07:46 PM [express] POST /api/deposits 401 in 0ms :: {"message":"Not authenticated"}
Session ID: 8UGpxRGwvr9YjnuKlixr56UuPJrFL_7f, Session data: Session {
  cookie: {
    path: '/',
    _expires: 2025-11-01T21:07:56.639Z,
    originalMaxAge: 86400000,
    httpOnly: true,
    secure: false,
    sameSite: 'lax'
  }
}
5:07:56 PM [express] POST /api/auth/login 200 in 240ms :: {"success":true,"message":"Login successfu…
Session ID: fr72RxZ-vp4BFVPLLZ_ZL02KKKCm541i, Session data: Session {
  cookie: {
    path: '/',
    _expires: 2025-11-01T21:07:56.888Z,
    originalMaxAge: 86400000,
    httpOnly: true,
    secure: false,
    sameSite: 'lax'
  }
}
5:07:56 PM [express] POST /api/deposits 401 in 0ms :: {"message":"Not authenticated"}
🧹 Rate limiter cleanup: removed 0 expired entries
🧹 Rate limiter cleanup: removed 0 expired entries
🧹 Rate limiter cleanup: removed 0 expired entries
Session ID: 9z1lIanHv6FYOJ3yX31Agj2IVNaPmGXZ, Session data: Session {
  cookie: {
    path: '/',
    _expires: 2025-11-01T21:10:31.167Z,
    originalMaxAge: 86400000,
    httpOnly: true,
    secure: false,
    sameSite: 'lax'
  }
}
5:10:31 PM [express] POST /api/auth/login 200 in 240ms :: {"success":true,"message":"Login successfu…
Session ID: od7ZTALRCIofI0VYGbAm6w9PWQ4NU8Ww, Session data: Session {
  cookie: {
    path: '/',
    _expires: 2025-11-01T21:10:31.416Z,
    originalMaxAge: 86400000,
    httpOnly: true,
    secure: false,
    sameSite: 'lax'
  }
}
5:10:31 PM [express] POST /api/deposits 401 in 1ms :: {"message":"Not authenticated"}
Session ID: -fHT8KZXagrW30hqvCTOQYU1rLir43NT, Session data: Session {
  cookie: {
    path: '/',
    _expires: 2025-11-01T21:10:43.722Z,
    originalMaxAge: 86400000,
    httpOnly: true,
    secure: false,
    sameSite: 'lax'
  }
}
5:10:43 PM [express] POST /api/auth/login 200 in 242ms :: {"success":true,"message":"Login successfu…
Session ID: -RKOY2r8FOSiuStKdcB_1sMy-LlWOJql, Session data: Session {
  cookie: {
    path: '/',
    _expires: 2025-11-01T21:10:43.974Z,
    originalMaxAge: 86400000,
    httpOnly: true,
    secure: false,
    sameSite: 'lax'
  }
}
5:10:43 PM [express] POST /api/deposits 401 in 1ms :: {"message":"Not authenticated"}
Session ID: 990RKxMxYhOhBo3WEjnoprWJ5at28E4g, Session data: Session {
  cookie: {
    path: '/',
    _expires: 2025-11-01T21:11:04.532Z,
    originalMaxAge: 86400000,
    httpOnly: true,
    secure: false,
    sameSite: 'lax'
  }
}
5:11:04 PM [express] POST /api/auth/login 200 in 240ms :: {"success":true,"message":"Login successfu…
Session ID: h_y3KmZdYHKXjjVxoRb0j-dHdPA1kdV2, Session data: Session {
  cookie: {
    path: '/',
    _expires: 2025-11-01T21:11:43.797Z,
    originalMaxAge: 86400000,
    httpOnly: true,
    secure: false,
    sameSite: 'lax'
  }
}
5:11:43 PM [express] POST /api/deposits 401 in 0ms :: {"message":"Not authenticated"}
Session ID: DmX1zqXd8nkGBdV40VR0-obtspYbYQFK, Session data: Session {
  cookie: {
    path: '/',
    _expires: 2025-11-01T21:12:03.025Z,
    originalMaxAge: 86400000,
    httpOnly: true,
    secure: false,
    sameSite: 'lax'
  }
}
5:12:03 PM [express] POST /api/auth/login 200 in 240ms :: {"success":true,"message":"Login successfu…
🧹 Rate limiter cleanup: removed 0 expired entries
🧹 Rate limiter cleanup: removed 0 expired entries
🧹 Rate limiter cleanup: removed 0 expired entries
Session ID: KC0qqOesV29rIvMNsuUUV869koXkLFkb, Session data: Session {
  cookie: {
    path: '/',
    _expires: 2025-11-01T21:14:11.992Z,
    originalMaxAge: 86400000,
    httpOnly: true,
    secure: false,
    sameSite: 'lax'
  }
}
5:14:12 PM [express] POST /api/auth/login 200 in 241ms :: {"success":true,"message":"Login successfu…
Session ID: -ept9QparJbQaGkpqlbBSdidXReiT5ZH, Session data: Session {
  cookie: {
    path: '/',
    _expires: 2025-11-01T21:15:57.670Z,
    originalMaxAge: 86400000,
    httpOnly: true,
    secure: false,
    sameSite: 'lax'
  }
}
5:15:57 PM [express] POST /api/auth/login 200 in 239ms :: {"success":true,"message":"Login successfu…
Session ID: uraQuYn_RZWFYRf2rcZmqg6roz34y1Z8, Session data: Session {
  cookie: {
    path: '/',
    _expires: 2025-11-01T21:16:23.495Z,
    originalMaxAge: 86400000,
    httpOnly: true,
    secure: false,
    sameSite: 'lax'
  }
}
5:16:23 PM [express] POST /api/auth/login 200 in 239ms :: {"success":true,"message":"Login successfu…
Session ID: Ob1qgJNz4wcvRzyZXIYsGQHWjrDWuXId, Session data: Session {
  cookie: {
    path: '/',
    _expires: 2025-11-01T21:17:09.238Z,
    originalMaxAge: 86400000,
    httpOnly: true,
    secure: false,
    sameSite: 'lax'
  }
}
5:17:09 PM [express] POST /api/auth/login 200 in 240ms :: {"success":true,"message":"Login successfu…
Session ID: 41E_jfjuymGWqRPhVcAIFDKwnIa_C7TC, Session data: Session {
  cookie: {
    path: '/',
    _expires: 2025-11-01T21:17:09.487Z,
    originalMaxAge: 86400000,
    httpOnly: true,
    secure: false,
    sameSite: 'lax'
  }
}
5:17:09 PM [express] POST /api/deposits 401 in 0ms :: {"message":"Not authenticated"}
Session ID: 1nW5KRlQBD4Pl_xfO7bUQfYfkhpV6ypC, Session data: Session {
  cookie: {
    path: '/',
    _expires: 2025-11-01T21:17:13.654Z,
    originalMaxAge: 86400000,
    httpOnly: true,
    secure: false,
    sameSite: 'lax'
  }
}
5:17:13 PM [express] POST /api/auth/login 200 in 240ms :: {"success":true,"message":"Login successfu…
Session ID: qDk870mdBJK3vvim8zKtxlOeQMRDRMZT, Session data: Session {
  cookie: {
    path: '/',
    _expires: 2025-11-01T21:17:13.904Z,
    originalMaxAge: 86400000,
    httpOnly: true,
    secure: false,
    sameSite: 'lax'
  }
}
5:17:14 PM [express] POST /api/auth/login 200 in 240ms :: {"success":true,"message":"Login successfu…
Session ID: oC4gvGkoR-eu4sabjmj4-sKx9kvjyFh9, Session data: Session {
  cookie: {
    path: '/',
    _expires: 2025-11-01T21:17:43.324Z,
    originalMaxAge: 86400000,
    httpOnly: true,
    secure: false,
    sameSite: 'lax'
  }
}
5:17:43 PM [express] POST /api/deposits 401 in 1ms :: {"message":"Not authenticated"}
Session ID: Lwtmq-GZxqyFan0AgLnILoo7EZdhVQv6, Session data: Session {
  cookie: {
    path: '/',
    _expires: 2025-11-01T21:18:24.805Z,
    originalMaxAge: 86400000,
    httpOnly: true,
    secure: false,
    sameSite: 'lax'
  }
}
5:18:24 PM [express] GET /api/auth/me 404 in 1ms :: {"message":"API endpoint not found"}
🧹 Rate limiter cleanup: removed 0 expired entries
🧹 Rate limiter cleanup: removed 0 expired entries
🧹 Rate limiter cleanup: removed 0 expired entries
🧹 Rate limiter cleanup: removed 0 expired entries
🧹 Rate limiter cleanup: removed 0 expired entries
🧹 Rate limiter cleanup: removed 0 expired entries
🧹 Performed periodic cleanup of monitoring data
🧹 Rate limiter cleanup: removed 0 expired entries
🧹 Rate limiter cleanup: removed 0 expired entries
🧹 Rate limiter cleanup: removed 0 expired entries
🧹 Rate limiter cleanup: removed 0 expired entries
🧹 Rate limiter cleanup: removed 0 expired entries
🧹 Rate limiter cleanup: removed 0 expired entries
🧹 Performed periodic cleanup of monitoring data
Session ID: VMTNoA2FIB3GAhiCmJyBQVETV9oVTAFp, Session data: Session {
  cookie: {
    path: '/',
    _expires: 2025-11-03T18:08:58.068Z,
    originalMaxAge: 86400000,
    httpOnly: true,
    secure: false,
    sameSite: 'lax'
  }
}
1:08:58 PM [express] POST /api/auth/login 200 in 240ms :: {"success":true,"message":"Login successfu…
Session ID: -1PtaXKdnu2O2JVDdiGHxTCk9TFkfMx1, Session data: Session {
  cookie: {
    path: '/',
    _expires: 2025-11-03T18:09:11.493Z,
    originalMaxAge: 86400000,
    httpOnly: true,
    secure: false,
    sameSite: 'lax'
  }
}
1:09:11 PM [express] POST /api/auth/login 200 in 240ms :: {"success":true,"message":"Login successfu…
Session ID: vmdi66d7EJ_KrVofA3GQKPmJlxdUOn6p, Session data: Session {
  cookie: {
    path: '/',
    _expires: 2025-11-03T18:09:11.773Z,
    originalMaxAge: 86400000,
    httpOnly: true,
    secure: false,
    sameSite: 'lax'
  }
}
1:09:11 PM [express] GET /api/auth/me 404 in 1ms :: {"message":"API endpoint not found"}
Session ID: eA7zD2_rBXLIlbvAd7fEIYmnOpaTcTJ7, Session data: Session {
  cookie: {
    path: '/',
    _expires: 2025-11-03T18:09:11.801Z,
    originalMaxAge: 86400000,
    httpOnly: true,
    secure: false,
    sameSite: 'lax'
  }
}
1:09:11 PM [express] POST /api/deposits 401 in 1ms :: {"message":"Not authenticated"}
Session ID: VzLHwnrNam-8ACXbTr0QpJYNRFAtRnJh, Session data: Session {
  cookie: {
    path: '/',
    _expires: 2025-11-03T18:09:17.009Z,
    originalMaxAge: 86400000,
    httpOnly: true,
    secure: false,
    sameSite: 'lax'
  }
}
1:09:17 PM [express] POST /api/auth/login 200 in 241ms :: {"success":true,"message":"Login successfu…
Session ID: CPh2TzEcKNbt-kMzdlG-dUQhe6ajs0_3, Session data: Session {
  cookie: {
    path: '/',
    _expires: 2025-11-03T18:12:18.854Z,
    originalMaxAge: 86400000,
    httpOnly: true,
    secure: false,
    sameSite: 'lax'
  }
}
1:12:19 PM [express] POST /api/auth/login 200 in 241ms :: {"success":true,"message":"Login successfu…
Session ID: VkrEomCPbfWEXJHt47wtytl3DQYDMqut, Session data: Session {
  cookie: {
    path: '/',
    _expires: 2025-11-03T18:12:31.060Z,
    originalMaxAge: 86400000,
    httpOnly: true,
    secure: false,
    sameSite: 'lax'
  }
}
1:12:31 PM [express] POST /api/auth/login 200 in 243ms :: {"success":true,"message":"Login successfu…
🧹 Rate limiter cleanup: removed 0 expired entries
🧹 Rate limiter cleanup: removed 0 expired entries
🧹 Rate limiter cleanup: removed 0 expired entries
Session ID: WsaylZ1R4X_yOvrWNTP6AnUqOxMF96ub, Session data: Session {
  cookie: {
    path: '/',
    _expires: 2025-11-03T18:13:34.693Z,
    originalMaxAge: 86400000,
    httpOnly: true,
    secure: false,
    sameSite: 'lax'
  }
}
1:13:34 PM [express] POST /api/auth/login 200 in 241ms :: {"success":true,"message":"Login successfu…
Session ID: K1EnaSK6PM2VwcvYN1MIbfwmS0iJ3Xkd, Session data: Session {
  cookie: {
    path: '/',
    _expires: 2025-11-03T18:15:27.144Z,
    originalMaxAge: 86400000,
    httpOnly: true,
    secure: false,
    sameSite: 'lax'
  }
}
1:15:27 PM [express] POST /api/deposits 401 in 1ms :: {"message":"Not authenticated"}
Session ID: DjhrSBO4DBkzWjdDwxUk9X1JjVvc6pCT, Session data: Session {
  cookie: {
    path: '/',
    _expires: 2025-11-03T18:15:53.035Z,
    originalMaxAge: 86400000,
    httpOnly: true,
    secure: false,
    sameSite: 'lax'
  }
}
1:15:53 PM [express] POST /api/auth/login 200 in 240ms :: {"success":true,"message":"Login successfu…
Session ID: s0cmSBe5osnJwaxum5NPNlP_BeTatT9K, Session data: Session {
  cookie: {
    path: '/',
    _expires: 2025-11-03T18:15:53.284Z,
    originalMaxAge: 86400000,
    httpOnly: true,
    secure: false,
    sameSite: 'lax'
  }
}
1:15:53 PM [express] POST /api/deposits 401 in 1ms :: {"message":"Not authenticated"}
Session ID: NsvXK5xIhXcZ7j6c_ZJRkSdASaFwyhhr, Session data: Session {
  cookie: {
    path: '/',
    _expires: 2025-11-03T18:17:19.313Z,
    originalMaxAge: 86400000,
    httpOnly: true,
    secure: false,
    sameSite: 'lax'
  }
}
1:17:19 PM [express] POST /api/auth/login 200 in 241ms :: {"success":true,"message":"Login successfu…
Session ID: oYeDEqdfT8wzz9gjAMU6g2iKxPD0kLms, Session data: Session {
  cookie: {
    path: '/',
    _expires: 2025-11-03T18:17:19.592Z,
    originalMaxAge: 86400000,
    httpOnly: true,
    secure: false,
    sameSite: 'lax'
  }
}
1:17:19 PM [express] POST /api/deposits 401 in 0ms :: {"message":"Not authenticated"}
Session ID: EBk-eOmLCqIBB8hLpsg_bnMOgkuGtGBL, Session data: Session {
  cookie: {
    path: '/',
    _expires: 2025-11-03T18:17:23.623Z,
    originalMaxAge: 86400000,
    httpOnly: true,
    secure: false,
    sameSite: 'lax'
  }
}
1:17:23 PM [express] POST /api/auth/login 200 in 243ms :: {"success":true,"message":"Login successfu…
Session ID: j4ldgPhqYeOpkwLXAupyTlA3HhHVjNZZ, Session data: Session {
  cookie: {
    path: '/',
    _expires: 2025-11-03T18:17:23.903Z,
    originalMaxAge: 86400000,
    httpOnly: true,
    secure: false,
    sameSite: 'lax'
  }
}
1:17:23 PM [express] POST /api/deposits 401 in 1ms :: {"message":"Not authenticated"}
Session ID: duexwGBigzFRAx7kw9eZMGaB_KcqP4d-, Session data: Session {
  cookie: {
    path: '/',
    _expires: 2025-11-03T18:17:28.891Z,
    originalMaxAge: 86400000,
    httpOnly: true,
    secure: false,
    sameSite: 'lax'
  }
}
1:17:29 PM [express] POST /api/auth/login 200 in 240ms :: {"success":true,"message":"Login successfu…
Session ID: jBOUY7DYHPkcbJK6Aj9tI3uUuBfGc9RI, Session data: Session {
  cookie: {
    path: '/',
    _expires: 2025-11-03T18:18:26.777Z,
    originalMaxAge: 86400000,
    httpOnly: true,
    secure: false,
    sameSite: 'lax'
  }
}
1:18:26 PM [express] POST /api/deposits 401 in 1ms :: {"message":"Not authenticated"}
🧹 Rate limiter cleanup: removed 0 expired entries
🧹 Rate limiter cleanup: removed 0 expired entries
🧹 Rate limiter cleanup: removed 0 expired entries
Session ID: f63PNDFdjlWd7fUUvKA4jaOcGWTlAU8w, Session data: Session {
  cookie: {
    path: '/',
    _expires: 2025-11-03T18:18:50.084Z,
    originalMaxAge: 86400000,
    httpOnly: true,
    secure: false,
    sameSite: 'lax'
  }
}
1:18:50 PM [express] POST /api/auth/login 200 in 245ms :: {"success":true,"message":"Login successfu…
Session ID: cMXV6eNmF_rAgateKsneandBuKDXAfvL, Session data: Session {
  cookie: {
    path: '/',
    _expires: 2025-11-03T18:19:17.342Z,
    originalMaxAge: 86400000,
    httpOnly: true,
    secure: false,
    sameSite: 'lax'
  }
}
1:19:17 PM [express] POST /api/deposits 401 in 0ms :: {"message":"Not authenticated"}
Session ID: TVMcvnJMggIOTvbq88EtrAb_uiKkH27T, Session data: Session {
  cookie: {
    path: '/',
    _expires: 2025-11-03T18:19:17.378Z,
    originalMaxAge: 86400000,
    httpOnly: true,
    secure: false,
    sameSite: 'lax'
  }
}
1:19:17 PM [express] GET /api/receipts 401 in 1ms :: {"message":"Not authenticated"}
Session ID: 2yptQZmgf6oJj5z8TkFvu7WgyU8OwGKT, Session data: Session {
  cookie: {
    path: '/',
    _expires: 2025-11-03T18:21:55.763Z,
    originalMaxAge: 86400000,
    httpOnly: true,
    secure: false,
    sameSite: 'lax'
  }
}
1:21:55 PM [express] GET /api/receipts 401 in 0ms :: {"message":"Not authenticated"}
Session ID: 82kHf5FvqB6sryACoe29pAbvrqP4_XX2, Session data: Session {
  cookie: {
    path: '/',
    _expires: 2025-11-03T18:22:13.771Z,
    originalMaxAge: 86400000,
    httpOnly: true,
    secure: false,
    sameSite: 'lax'
  }
}
1:22:13 PM [express] POST /api/deposits 401 in 1ms :: {"message":"Not authenticated"}
Session ID: gOppUvwmyXpjJRfhvkFR7FYJR0D4VvN-, Session data: Session {
  cookie: {
    path: '/',
    _expires: 2025-11-03T18:23:15.631Z,
    originalMaxAge: 86400000,
    httpOnly: true,
    secure: false,
    sameSite: 'lax'
  }
}
1:23:15 PM [express] POST /api/auth/login 200 in 240ms :: {"success":true,"message":"Login successfu…
Session ID: uD6vViPqM6Vl8ifB1m52VEumJA_p7SKa, Session data: Session {
  cookie: {
    path: '/',
    _expires: 2025-11-03T18:23:15.978Z,
    originalMaxAge: 86400000,
    httpOnly: true,
    secure: false,
    sameSite: 'lax'
  }
}
1:23:15 PM [express] GET /api/receipts 401 in 1ms :: {"message":"Not authenticated"}
🧹 Rate limiter cleanup: removed 0 expired entries
🧹 Rate limiter cleanup: removed 0 expired entries
🧹 Rate limiter cleanup: removed 0 expired entries
Session ID: TZ4mow9WaHDtBW2DORxxJMhSioJtveK5, Session data: Session {
  cookie: {
    path: '/',
    _expires: 2025-11-03T18:23:32.677Z,
    originalMaxAge: 86400000,
    httpOnly: true,
    secure: false,
    sameSite: 'lax'
  }
}
1:23:32 PM [express] POST /api/auth/login 200 in 241ms :: {"success":true,"message":"Login successfu…
Session ID: xOaUzbBpzEt91_M9ngzHlSazGe7fHftn, Session data: Session {
  cookie: {
    path: '/',
    _expires: 2025-11-03T18:23:33.016Z,
    originalMaxAge: 86400000,
    httpOnly: true,
    secure: false,
    sameSite: 'lax'
  }
}
1:23:33 PM [express] GET /api/receipts 401 in 1ms :: {"message":"Not authenticated"}
Session ID: 1vJvPHGpqslK8F7TJ8X6eHh3DakT94zO, Session data: Session {
  cookie: {
    path: '/',
    _expires: 2025-11-03T18:23:59.546Z,
    originalMaxAge: 86400000,
    httpOnly: true,
    secure: false,
    sameSite: 'lax'
  }
}
1:23:59 PM [express] POST /api/auth/login 200 in 244ms :: {"success":true,"message":"Login successfu…
Session ID: 7Z3zaX70Nyxx9ADyzYqrVvoUKDKbLSb8, Session data: Session {
  cookie: {
    path: '/',
    _expires: 2025-11-03T18:24:04.876Z,
    originalMaxAge: 86400000,
    httpOnly: true,
    secure: false,
    sameSite: 'lax'
  }
}
1:24:05 PM [express] POST /api/auth/login 200 in 240ms :: {"success":true,"message":"Login successfu…
Session ID: jQJkIb8Xw5ncgRnIvZK4ZY4jrdspT-JY, Session data: Session {
  cookie: {
    path: '/',
    _expires: 2025-11-03T18:25:09.906Z,
    originalMaxAge: 86400000,
    httpOnly: true,
    secure: false,
    sameSite: 'lax'
  }
}
1:25:09 PM [express] GET /api/receipts 401 in 1ms :: {"message":"Not authenticated"}
Session ID: h194V1T8Jul_5ILreKcn7qHFVwbKNYYm, Session data: Session {
  cookie: {
    path: '/',
    _expires: 2025-11-03T18:25:21.404Z,
    originalMaxAge: 86400000,
    httpOnly: true,
    secure: false,
    sameSite: 'lax'
  }
}
1:25:21 PM [express] POST /api/auth/login 200 in 240ms :: {"success":true,"message":"Login successfu…
Session ID: mGjTiT1CDHjHXhYQ4fgx1Zv3rRy7xhVt, Session data: Session {
  cookie: {
    path: '/',
    _expires: 2025-11-03T18:25:27.894Z,
    originalMaxAge: 86400000,
    httpOnly: true,
    secure: false,
    sameSite: 'lax'
  }
}
1:25:28 PM [express] POST /api/auth/login 200 in 241ms :: {"success":true,"message":"Login successfu…
Session ID: mxLxWTFxQduVQbma-iRj_-L538TfTyud, Session data: Session {
  cookie: {
    path: '/',
    _expires: 2025-11-03T18:25:28.170Z,
    originalMaxAge: 86400000,
    httpOnly: true,
    secure: false,
    sameSite: 'lax'
  }
}
1:25:28 PM [express] GET /api/receipts 401 in 1ms :: {"message":"Not authenticated"}
Session ID: WZ22uN7EzDze287YG2irFYUhxxs4neLs, Session data: Session {
  cookie: {
    path: '/',
    _expires: 2025-11-03T18:25:33.049Z,
    originalMaxAge: 86400000,
    httpOnly: true,
    secure: false,
    sameSite: 'lax'
  }
}
1:25:33 PM [express] GET /api/receipts 401 in 0ms :: {"message":"Not authenticated"}
🧹 Rate limiter cleanup: removed 0 expired entries
🧹 Rate limiter cleanup: removed 0 expired entries
🧹 Rate limiter cleanup: removed 0 expired entries
🧹 Rate limiter cleanup: removed 0 expired entries
🧹 Rate limiter cleanup: removed 0 expired entries
🧹 Rate limiter cleanup: removed 0 expired entries
🧹 Rate limiter cleanup: removed 0 expired entries
🧹 Rate limiter cleanup: removed 0 expired entries
🧹 Rate limiter cleanup: removed 0 expired entries
🧹 Rate limiter cleanup: removed 0 expired entries
🧹 Rate limiter cleanup: removed 0 expired entries
🧹 Rate limiter cleanup: removed 0 expired entries
🧹 Rate limiter cleanup: removed 0 expired entries
🧹 Rate limiter cleanup: removed 0 expired entries
🧹 Rate limiter cleanup: removed 0 expired entries
🧹 Rate limiter cleanup: removed 0 expired entries
🧹 Rate limiter cleanup: removed 0 expired entries
🧹 Rate limiter cleanup: removed 0 expired entries
Session ID: Wf77GyGidwXFz_FbzJ4U-P7i9oT3h7Sl, Session data: Session {
  cookie: {
    path: '/',
    _expires: 2025-11-03T18:56:19.996Z,
    originalMaxAge: 86400000,
    httpOnly: true,
    secure: false,
    sameSite: 'lax'
  }
}
1:56:36 PM [express] POST /api/auth/login 200 in 245ms :: {"success":true,"message":"Login successfu…
Session ID: Wf77GyGidwXFz_FbzJ4U-P7i9oT3h7Sl, Session data: Session {
  cookie: {
    path: '/',
    _expires: 2025-11-03T18:56:36.849Z,
    originalMaxAge: 86400000,
    httpOnly: true,
    secure: false,
    sameSite: 'lax'
  },
  userId: 1
}
1:56:37 PM [express] GET /api/portfolio 304 in 1ms :: {"success":true,"data":{"totalValue":5000000,"…
Session ID: Wf77GyGidwXFz_FbzJ4U-P7i9oT3h7Sl, Session data: Session {
  cookie: {
    path: '/',
    _expires: 2025-11-03T18:56:46.960Z,
    originalMaxAge: 86400000,
    httpOnly: true,
    secure: false,
    sameSite: 'lax'
  },
  userId: 1
}
=== BANK ACCOUNTS DEBUG ===
User ID: 1
Seeded 2 demo bank accounts for user 1
1:56:48 PM [express] GET /api/credit/bank-accounts 200 in 1ms :: {"success":true,"data":[{"id":1,"ac…
Session ID: Wf77GyGidwXFz_FbzJ4U-P7i9oT3h7Sl, Session data: Session {
  cookie: {
    path: '/',
    _expires: 2025-11-03T18:56:55.366Z,
    originalMaxAge: 86400000,
    httpOnly: true,
    secure: false,
    sameSite: 'lax'
  },
  userId: 1
}
1:56:56 PM [express] GET /api/portfolio 304 in 1ms :: {"success":true,"data":{"totalValue":5000000,"…
🧹 Rate limiter cleanup: removed 0 expired entries
🧹 Rate limiter cleanup: removed 0 expired entries
🧹 Rate limiter cleanup: removed 0 expired entries
Session ID: YFlj86MSO23QwuzDZDgveTY8vYvQxq3-, Session data: Session {
  cookie: {
    path: '/',
    _expires: 2025-11-03T18:59:21.363Z,
    originalMaxAge: 86400000,
    httpOnly: true,
    secure: false,
    sameSite: 'lax'
  }
}
1:59:21 PM [express] GET /api/auth/session 401 in 1ms :: {"success":false,"message":"Not authenticat…
Session ID: Wf77GyGidwXFz_FbzJ4U-P7i9oT3h7Sl, Session data: Session {
  cookie: {
    path: '/',
    _expires: 2025-11-03T19:01:07.865Z,
    originalMaxAge: 86400000,
    httpOnly: true,
    secure: false,
    sameSite: 'lax'
  },
  userId: 1
}
2:01:14 PM [express] POST /api/auth/login 200 in 241ms :: {"success":true,"message":"Login successfu…
Session ID: Wf77GyGidwXFz_FbzJ4U-P7i9oT3h7Sl, Session data: Session {
  cookie: {
    path: '/',
    _expires: 2025-11-03T19:01:14.921Z,
    originalMaxAge: 86400000,
    httpOnly: true,
    secure: false,
    sameSite: 'lax'
  },
  userId: 1
}
2:01:15 PM [express] GET /api/portfolio 304 in 0ms :: {"success":true,"data":{"totalValue":5000000,"…
Session ID: I4UVmP6MZ3fo-YEhTA3SbR5iOnShZIO9, Session data: Session {
  cookie: {
    path: '/',
    _expires: 2025-11-03T19:03:08.154Z,
    originalMaxAge: 86400000,
    httpOnly: true,
    secure: false,
    sameSite: 'lax'
  }
}
2:03:08 PM [express] POST /api/auth/login 200 in 241ms :: {"success":true,"message":"Login successfu…
🧹 Rate limiter cleanup: removed 0 expired entries
🧹 Rate limiter cleanup: removed 0 expired entries
🧹 Rate limiter cleanup: removed 0 expired entries
🧹 Rate limiter cleanup: removed 0 expired entries
🧹 Performed periodic cleanup of monitoring data
🧹 Rate limiter cleanup: removed 0 expired entries
🧹 Rate limiter cleanup: removed 0 expired entries
🧹 Rate limiter cleanup: removed 0 expired entries
🧹 Rate limiter cleanup: removed 0 expired entries
🧹 Rate limiter cleanup: removed 0 expired entries
Session ID: Wf77GyGidwXFz_FbzJ4U-P7i9oT3h7Sl, Session data: Session {
  cookie: {
    path: '/',
    _expires: 2025-11-03T19:15:33.466Z,
    originalMaxAge: 86400000,
    httpOnly: true,
    secure: false,
    sameSite: 'lax'
  },
  userId: 1
}
2:15:34 PM [express] GET /api/credit-line/details 304 in 1ms :: {"success":true,"data":{"totalLimit"…
Session ID: Wf77GyGidwXFz_FbzJ4U-P7i9oT3h7Sl, Session data: Session {
  cookie: {
    path: '/',
    _expires: 2025-11-03T19:15:38.594Z,
    originalMaxAge: 86400000,
    httpOnly: true,
    secure: false,
    sameSite: 'lax'
  },
  userId: 1
}
2:15:45 PM [express] GET /api/portfolio 304 in 1ms :: {"success":true,"data":{"totalValue":5000000,"…
Session ID: emDnYHoVEASok9qtBA5pbsUZRl3lYfAx, Session data: Session {
  cookie: {
    path: '/',
    _expires: 2025-11-03T19:17:51.227Z,
    originalMaxAge: 86400000,
    httpOnly: true,
    secure: false,
    sameSite: 'lax'
  }
}
2:17:51 PM [express] GET /api/auth/session 401 in 1ms :: {"success":false,"message":"Not authenticat…
🧹 Rate limiter cleanup: removed 0 expired entries
🧹 Rate limiter cleanup: removed 0 expired entries
🧹 Rate limiter cleanup: removed 0 expired entries
🧹 Rate limiter cleanup: removed 0 expired entries
🧹 Rate limiter cleanup: removed 0 expired entries
🧹 Rate limiter cleanup: removed 0 expired entries
🧹 Rate limiter cleanup: removed 0 expired entries
🧹 Rate limiter cleanup: removed 0 expired entries
🧹 Rate limiter cleanup: removed 0 expired entries
Session ID: Wf77GyGidwXFz_FbzJ4U-P7i9oT3h7Sl, Session data: Session {
  cookie: {
    path: '/',
    _expires: 2025-11-03T19:33:14.378Z,
    originalMaxAge: 86399999,
    httpOnly: true,
    secure: false,
    sameSite: 'lax'
  },
  userId: 1
}
2:33:18 PM [express] GET /api/portfolio 304 in 0ms :: {"success":true,"data":{"totalValue":5000000,"…
🧹 Rate limiter cleanup: removed 0 expired entries
🧹 Rate limiter cleanup: removed 0 expired entries
🧹 Rate limiter cleanup: removed 0 expired entries
🧹 Rate limiter cleanup: removed 0 expired entries
🧹 Rate limiter cleanup: removed 0 expired entries
🧹 Rate limiter cleanup: removed 0 expired entries
🧹 Rate limiter cleanup: removed 0 expired entries
🧹 Rate limiter cleanup: removed 0 expired entries
🧹 Rate limiter cleanup: removed 0 expired entries
🧹 Rate limiter cleanup: removed 0 expired entries
🧹 Rate limiter cleanup: removed 0 expired entries
🧹 Rate limiter cleanup: removed 0 expired entries
🧹 Rate limiter cleanup: removed 0 expired entries
🧹 Rate limiter cleanup: removed 0 expired entries
🧹 Rate limiter cleanup: removed 0 expired entries
🧹 Rate limiter cleanup: removed 0 expired entries
🧹 Rate limiter cleanup: removed 0 expired entries
🧹 Rate limiter cleanup: removed 0 expired entries
Session ID: m15nrtNnSWFmWGo0s7tS9D2s4YoV-3Ad, Session data: Session {
  cookie: {
    path: '/',
    _expires: 2025-11-03T19:58:33.043Z,
    originalMaxAge: 86400000,
    httpOnly: true,
    secure: false,
    sameSite: 'lax'
  }
}
2:58:33 PM [express] POST /api/auth/login 200 in 246ms :: {"success":true,"message":"Login successfu…
